Rooms,Type,SellerG,Regionname,Propertycount,Distance,Bathroom,Bedroom2,Car,Landsize,BuildingArea,Price
2,Unit,SellerA,Region2,2860,18.71,1,5,0,721,438,1271899
4,Townhouse,SellerB,Region2,1230,16.26,1,3,0,799,271,1165386
2,Unit,SellerA,Region1,4325,23.03,3,4,1,322,83,1010240
2,Townhouse,SellerB,Region3,1080,6.88,2,1,3,370,357,356749
4,Townhouse,SellerC,Region1,1492,36.1,3,1,3,492,456,1049590
5,Unit,SellerA,Region4,3348,25.38,2,1,0,231,193,1592983
4,Unit,SellerC,Region2,3270,16.1,3,5,2,455,147,1120285
2,Unit,SellerC,Region2,3056,32.33,3,3,0,762,91,549102
2,House,SellerC,Region4,3318,11.16,2,3,3,600,259,611946
2,House,SellerA,Region3,4946,43.46,1,1,0,582,456,731258
5,House,SellerD,Region2,2841,5.59,1,1,0,217,82,1699323
2,Townhouse,SellerB,Region1,3139,27.82,3,5,3,664,417,620817
2,House,SellerD,Region3,2853,6.06,3,2,3,488,341,1977249
2,House,SellerC,Region1,1824,10.69,1,3,1,325,303,517610
3,Unit,SellerC,Region3,1353,24.39,2,2,0,624,426,1363731
3,Unit,SellerD,Region4,4939,16.99,1,2,3,114,235,1171983
2,House,SellerC,Region2,3065,10.03,3,1,0,605,401,806200
2,Townhouse,SellerB,Region1,1610,8.65,2,2,3,367,191,1539406
1,Unit,SellerA,Region2,1861,26.47,1,2,3,764,462,1166599
2,Unit,SellerD,Region1,2292,7.66,2,3,2,557,359,1581331
2,House,SellerB,Region3,4256,35.64,2,1,0,500,327,1161098
1,House,SellerC,Region2,3598,39.73,3,1,2,790,95,1819079
1,Townhouse,SellerB,Region2,1244,17.94,2,4,0,697,430,709110
4,Unit,SellerA,Region3,2755,36.58,3,4,0,187,169,587739
1,Townhouse,SellerD,Region4,2567,16.37,1,5,3,924,197,1538339
3,Townhouse,SellerB,Region2,2259,33.22,1,1,2,846,210,1469022
1,Unit,SellerD,Region3,3851,13.91,2,2,0,349,309,1695671
2,Townhouse,SellerC,Region1,1862,36.21,3,1,3,795,302,418728
2,House,SellerD,Region3,3698,18.47,2,3,3,662,466,1191233
2,House,SellerA,Region4,1651,8.93,1,1,0,884,193,1333186
3,House,SellerD,Region3,2959,9.76,2,4,1,166,499,1643849
4,House,SellerD,Region4,4534,14.1,3,3,0,835,451,917355
4,Unit,SellerC,Region4,4188,19.1,1,2,2,999,269,1945779
4,House,SellerD,Region4,2297,5.66,2,3,1,297,479,446779
3,Unit,SellerD,Region3,2203,7.31,3,2,3,944,89,1189178
5,Unit,SellerB,Region1,2505,48.32,3,2,0,577,235,769962
3,Townhouse,SellerB,Region3,1359,48.12,2,1,3,410,357,567169
5,Townhouse,SellerD,Region2,4482,29.61,3,2,3,154,469,1911153
2,House,SellerC,Region4,1299,28.12,2,1,2,145,201,1421624
5,House,SellerA,Region3,3000,31.74,1,3,0,319,103,1620440
3,Townhouse,SellerD,Region1,4262,3.06,1,5,1,794,276,808737
4,Townhouse,SellerD,Region4,2204,22.33,2,5,1,919,235,994157
5,Townhouse,SellerC,Region4,3511,13.51,1,5,0,725,273,1364395
2,Townhouse,SellerA,Region3,3290,29.25,1,3,3,682,84,1123497
1,Unit,SellerC,Region1,2697,11.15,1,4,1,254,321,1631155
3,Townhouse,SellerC,Region1,4495,32.31,1,4,1,761,473,1167240
4,Unit,SellerD,Region3,3699,36.05,1,5,3,367,264,408279
2,House,SellerB,Region3,2729,1.5,2,4,1,832,380,1355779
1,House,SellerA,Region2,3947,20.38,1,4,0,447,484,1924849
2,Townhouse,SellerB,Region3,3293,8.78,1,2,3,496,343,1820356
1,Unit,SellerB,Region4,3394,32.83,2,5,1,726,61,657059
2,Townhouse,SellerD,Region1,4795,10.29,1,3,3,253,345,1572970
1,House,SellerA,Region3,4641,44.77,3,5,2,705,363,449048
2,House,SellerA,Region3,4550,30.37,1,5,0,746,72,1072687
3,Townhouse,SellerC,Region1,1965,18.38,2,3,3,262,117,818429
5,House,SellerC,Region4,2734,7.16,2,5,0,373,310,1942085
4,House,SellerB,Region3,2205,24.03,3,2,3,963,144,1714065
4,House,SellerA,Region1,4625,45.22,1,2,0,329,401,1154296
5,Unit,SellerD,Region4,2373,42.23,2,3,2,815,233,1160680
2,Townhouse,SellerD,Region1,2778,46.84,3,1,0,281,183,1744596
4,House,SellerC,Region4,2260,45.32,2,1,3,309,266,357959
4,House,SellerB,Region4,1003,31.55,1,1,0,552,201,1597036
2,House,SellerB,Region2,3388,8.36,1,5,0,316,297,1789776
1,Unit,SellerB,Region4,2896,2.05,3,5,3,310,64,353930
5,Unit,SellerC,Region2,3444,7.61,3,1,1,554,407,762288
3,House,SellerA,Region4,4328,47.0,3,2,3,162,394,1983037
1,House,SellerD,Region1,4391,18.01,1,2,3,455,180,1236199
5,Townhouse,SellerC,Region2,4404,47.27,3,5,3,288,207,313555
1,Townhouse,SellerC,Region3,1562,19.77,3,4,1,480,141,544176
1,Unit,SellerA,Region2,2626,47.35,2,5,0,760,347,1519673
3,House,SellerC,Region4,1076,42.55,2,2,3,378,424,654202
2,Unit,SellerC,Region3,4243,35.25,2,3,1,564,479,1952627
4,House,SellerA,Region2,2296,17.36,3,2,1,602,318,1842656
2,Unit,SellerD,Region4,2809,26.95,2,3,2,820,344,1481500
4,House,SellerB,Region1,1015,7.97,1,4,0,266,209,377394
4,House,SellerC,Region4,3980,43.42,3,4,1,135,367,943351
2,Townhouse,SellerB,Region2,4049,22.61,2,2,2,520,367,377193
5,Townhouse,SellerA,Region2,2189,40.25,1,3,0,738,365,1865621
2,Unit,SellerB,Region3,1543,40.2,3,2,1,182,420,902067
2,Townhouse,SellerD,Region4,2008,19.6,1,3,0,524,90,1165374
5,House,SellerC,Region4,4863,18.2,2,2,2,760,319,1090502
4,Unit,SellerC,Region4,3819,33.04,2,4,0,475,374,833445
3,Unit,SellerB,Region4,2777,16.68,1,2,0,533,270,978141
1,Townhouse,SellerD,Region4,4009,6.84,1,4,3,153,59,1258871
3,House,SellerD,Region3,4262,28.7,2,5,2,939,130,827838
5,Townhouse,SellerA,Region2,1638,26.97,3,2,1,588,298,576891
3,Unit,SellerC,Region4,2103,15.96,1,5,1,229,396,903745
3,Townhouse,SellerB,Region2,1356,33.95,1,1,2,208,410,1539103
5,Unit,SellerC,Region4,3687,3.82,3,2,3,246,70,1883759
2,Unit,SellerC,Region2,4395,33.2,1,2,2,215,492,1250976
3,Unit,SellerC,Region4,2933,5.06,3,4,3,706,214,1885139
4,Unit,SellerC,Region3,1800,18.76,2,5,1,811,76,1451979
2,Unit,SellerD,Region1,3102,23.93,1,4,3,877,187,1639453
4,Townhouse,SellerB,Region3,3820,47.74,3,5,1,599,418,460682
3,House,SellerD,Region1,2047,16.62,2,3,0,718,257,1050195
3,Townhouse,SellerC,Region1,1478,12.92,3,4,3,777,272,1399556
3,Townhouse,SellerB,Region2,1267,40.58,1,4,2,571,315,1298449
4,House,SellerC,Region4,1187,33.86,1,3,3,634,52,1213140
4,Unit,SellerA,Region3,4224,43.01,1,4,3,649,103,1340361
3,Unit,SellerC,Region1,1336,39.84,1,1,2,255,292,795272
1,Unit,SellerB,Region1,1741,44.11,1,5,0,641,357,1084979
5,Unit,SellerB,Region2,1314,1.32,2,3,3,636,371,1175859
3,House,SellerD,Region4,3228,2.94,1,2,1,121,288,1708122
3,House,SellerA,Region4,2212,11.99,1,3,3,277,78,1823838
2,Unit,SellerB,Region2,2104,4.19,3,5,2,794,146,950963
2,House,SellerA,Region4,2460,17.48,1,2,3,366,89,1221207
4,House,SellerC,Region1,2064,40.98,1,4,1,825,153,1185552
3,Townhouse,SellerA,Region2,1622,8.57,1,2,0,509,114,1147565
2,Townhouse,SellerB,Region1,3529,45.03,3,4,1,221,385,1851851
1,Townhouse,SellerC,Region1,1659,38.66,2,1,0,926,235,1129715
1,Townhouse,SellerD,Region4,4978,39.4,3,2,3,657,236,1404431
4,House,SellerB,Region4,4249,31.22,2,1,2,702,446,675075
4,Unit,SellerA,Region2,1669,14.67,3,5,2,508,81,1205904
5,House,SellerD,Region4,4611,37.53,3,1,1,688,419,743890
1,Unit,SellerA,Region2,1289,32.13,3,4,3,701,414,1296918
5,House,SellerD,Region1,3430,14.79,3,1,2,720,424,1765354
1,House,SellerA,Region4,1410,40.97,1,5,3,172,297,1076193
3,Townhouse,SellerD,Region4,1552,42.83,3,4,1,847,330,778266
1,Unit,SellerD,Region2,3425,19.97,1,1,3,995,61,1454781
3,House,SellerC,Region4,2452,10.38,3,1,2,842,117,878174
3,Unit,SellerA,Region1,3355,24.59,2,5,1,540,410,962207
5,Unit,SellerB,Region1,1828,3.86,2,2,2,391,312,1951499
2,Townhouse,SellerA,Region4,4719,44.83,3,4,0,322,400,448760
4,Unit,SellerC,Region3,4872,24.16,1,2,1,119,468,1822542
3,House,SellerC,Region3,3927,19.19,3,2,2,310,80,350773
2,Townhouse,SellerC,Region3,1069,1.6,1,4,3,436,487,1091324
5,Townhouse,SellerB,Region2,4769,15.99,2,5,2,618,442,948384
3,House,SellerD,Region2,2390,26.28,1,4,3,956,421,314391
1,House,SellerD,Region4,2109,13.02,3,5,2,371,205,562332
2,House,SellerB,Region1,1259,31.15,3,1,3,791,244,1071171
3,House,SellerA,Region2,3418,3.12,3,3,3,574,210,753602
1,Unit,SellerD,Region3,1624,33.93,1,3,1,554,90,1266690
1,Unit,SellerD,Region3,4285,36.33,1,5,2,847,189,1326783
3,House,SellerB,Region2,1459,5.98,1,4,1,996,390,1031194
2,House,SellerD,Region3,3990,12.49,3,5,2,879,320,765593
1,Unit,SellerD,Region3,4262,38.93,1,1,0,283,288,1830513
2,House,SellerC,Region1,2332,5.81,2,4,2,697,319,1293720
1,House,SellerA,Region3,3745,22.64,1,4,3,964,246,318680
4,House,SellerD,Region4,3839,30.27,1,5,1,204,249,1911827
4,Unit,SellerA,Region2,4559,13.11,1,1,1,873,415,1429694
1,Townhouse,SellerA,Region4,1575,23.28,1,5,3,951,290,1499493
5,House,SellerC,Region4,2434,22.86,3,2,0,656,245,751514
4,House,SellerC,Region4,4970,9.71,3,1,0,669,451,905731
3,Unit,SellerC,Region3,4054,14.11,2,1,1,259,240,557864
3,Unit,SellerB,Region4,1233,18.77,1,4,3,755,338,576738
1,Townhouse,SellerA,Region4,4693,24.26,3,1,3,948,241,1317639
5,Townhouse,SellerD,Region1,4109,12.56,2,2,3,453,150,1883352
3,House,SellerA,Region4,2105,14.46,2,3,1,918,323,1036545
4,House,SellerA,Region3,1065,27.07,3,4,2,162,334,547211
1,Unit,SellerD,Region2,4121,27.01,2,3,0,359,305,642456
4,Townhouse,SellerD,Region4,2492,38.85,3,4,1,307,261,760005
4,House,SellerC,Region1,1009,28.78,2,4,0,828,221,773915
5,House,SellerC,Region1,2132,33.51,3,1,3,673,219,1947125
5,Unit,SellerC,Region3,1318,39.67,3,5,0,185,425,1893986
2,Unit,SellerA,Region4,3785,35.9,2,3,3,315,185,1424137
4,Unit,SellerB,Region4,2386,42.24,1,3,0,790,279,619033
4,Townhouse,SellerD,Region2,3716,25.34,2,3,2,590,285,553694
5,Unit,SellerC,Region3,3688,15.42,2,3,1,879,420,952063
3,Townhouse,SellerA,Region4,1009,36.97,3,5,0,581,226,1447108
5,House,SellerA,Region4,4981,25.52,2,1,0,748,309,808487
1,Townhouse,SellerA,Region4,2969,8.14,1,2,2,736,468,683567
2,Unit,SellerD,Region3,3797,22.67,1,3,2,110,318,1686907
3,House,SellerB,Region4,1133,44.7,2,5,3,853,246,1908839
1,Townhouse,SellerB,Region4,3326,16.35,3,3,1,856,398,806231
1,Unit,SellerB,Region1,2611,40.98,1,2,1,659,444,588463
2,Townhouse,SellerB,Region1,2123,20.0,3,3,3,127,215,1595189
3,Townhouse,SellerD,Region2,3062,38.39,3,2,0,988,283,1059297
1,Unit,SellerA,Region4,4758,20.78,2,3,0,417,332,1664503
3,Townhouse,SellerB,Region3,3985,18.92,1,4,0,601,450,621289
3,House,SellerA,Region3,3718,8.19,2,3,3,255,403,628589
4,Townhouse,SellerD,Region2,2462,6.89,1,4,2,284,238,1458198
1,Townhouse,SellerA,Region1,2252,10.45,1,4,0,410,419,1523536
1,House,SellerB,Region1,1064,15.43,2,3,1,159,63,1442777
4,House,SellerA,Region3,3675,43.25,1,2,1,964,75,342574
5,Unit,SellerD,Region1,3737,38.39,3,2,0,745,114,1195888
4,Unit,SellerD,Region2,3012,44.45,1,5,1,924,134,479515
5,House,SellerB,Region2,2381,25.94,1,3,1,625,489,1022309
1,Townhouse,SellerA,Region3,1800,21.51,3,3,3,942,174,1589176
1,House,SellerA,Region1,2680,47.77,1,5,2,395,409,1424341
4,House,SellerB,Region1,4962,7.29,1,3,2,634,136,1682298
3,House,SellerB,Region3,2532,5.43,2,3,1,253,366,527585
5,House,SellerA,Region2,1100,17.56,2,1,1,188,185,1318870
2,House,SellerC,Region1,2112,28.17,2,1,2,169,299,879369
3,House,SellerA,Region3,4831,2.72,2,3,0,908,230,1507255
4,Townhouse,SellerC,Region4,4069,26.54,2,3,1,597,253,975653
3,Townhouse,SellerB,Region1,2635,35.96,3,3,1,128,384,1749509
4,Unit,SellerB,Region3,2346,46.84,2,4,1,927,436,393888
3,Unit,SellerC,Region3,4011,10.53,2,5,0,315,355,1891103
4,House,SellerC,Region1,3857,13.26,3,4,1,437,79,1426238
1,House,SellerB,Region3,3895,22.96,3,4,2,427,69,1678911
4,House,SellerA,Region2,4882,22.4,3,3,3,269,365,1325186
1,Townhouse,SellerA,Region1,2660,33.6,2,3,0,147,410,508268
1,Townhouse,SellerD,Region4,3201,22.15,3,4,3,261,363,1923157
5,Townhouse,SellerD,Region3,1037,18.0,2,2,1,854,90,774961
1,Townhouse,SellerC,Region3,1781,35.14,3,5,3,574,158,1361887
3,Unit,SellerD,Region1,1006,14.17,1,1,2,501,217,749112
1,Unit,SellerD,Region3,1611,33.42,2,3,2,732,314,1262404
2,Townhouse,SellerD,Region4,2611,15.94,2,1,0,392,283,1910216
5,Unit,SellerB,Region1,2818,35.99,3,2,2,352,381,1461040
4,Unit,SellerC,Region4,2976,12.24,3,3,3,800,450,936457
5,House,SellerC,Region3,1010,37.96,3,1,3,726,50,533377
2,House,SellerD,Region1,3494,19.74,3,1,1,726,72,1489148
2,Townhouse,SellerB,Region1,4701,16.59,2,3,0,727,332,1778815
2,Townhouse,SellerD,Region4,2210,8.69,1,5,3,228,158,519546
2,Townhouse,SellerA,Region3,4519,39.94,2,1,2,587,243,1385506
2,House,SellerC,Region4,2543,40.04,2,3,3,721,147,1342080
5,Unit,SellerA,Region2,2744,4.79,3,4,3,259,396,1927942
2,Unit,SellerC,Region1,1356,47.95,3,5,1,369,411,1269635
1,Townhouse,SellerA,Region3,3248,34.89,3,2,0,976,432,1542777
1,Unit,SellerA,Region4,3229,12.77,2,4,3,571,182,1368543
3,Townhouse,SellerC,Region4,3086,38.98,3,1,0,428,207,1991822
4,Unit,SellerB,Region4,4212,35.42,3,4,1,884,439,510426
2,Unit,SellerD,Region1,1908,6.18,2,1,2,767,147,1740368
1,Unit,SellerD,Region4,3075,40.42,3,1,1,342,206,1381404
5,House,SellerB,Region2,4747,44.98,3,2,0,373,362,820508
3,Unit,SellerC,Region1,2230,25.28,2,5,0,147,94,914522
1,House,SellerD,Region1,1081,7.24,1,3,0,999,413,1312701
5,Unit,SellerD,Region3,1630,5.23,1,4,1,358,376,557753
5,House,SellerC,Region3,1131,45.83,2,3,3,345,392,1406265
4,House,SellerD,Region4,2934,20.57,1,1,3,904,260,1038268
2,Townhouse,SellerD,Region1,1009,29.08,2,4,1,454,319,1054276
2,Townhouse,SellerB,Region2,3381,17.97,2,1,1,696,459,1194323
3,Unit,SellerC,Region3,2274,28.48,1,2,0,492,327,734224
3,Unit,SellerB,Region1,4292,23.55,2,3,0,670,175,724919
4,House,SellerB,Region4,1211,6.14,1,5,2,320,93,1821847
3,House,SellerA,Region2,2045,4.71,2,1,3,547,82,1053460
1,House,SellerB,Region1,3030,33.86,1,2,2,443,485,1477612
1,Townhouse,SellerA,Region2,1094,47.22,2,1,3,743,240,1928856
4,House,SellerA,Region4,3597,45.5,2,4,2,765,321,767332
3,House,SellerD,Region4,4677,14.36,1,5,2,456,247,770881
1,Townhouse,SellerA,Region4,3812,5.81,1,3,2,666,353,1056934
1,Unit,SellerC,Region4,3232,9.12,2,4,1,138,255,1834943
1,Unit,SellerB,Region2,3739,34.56,2,4,1,518,432,485784
5,Townhouse,SellerA,Region2,4023,7.97,2,1,0,165,418,1492022
3,House,SellerC,Region4,2285,46.62,2,4,3,271,221,352812
2,House,SellerB,Region3,4627,23.19,3,5,2,161,240,455133
5,Townhouse,SellerC,Region3,3107,26.49,1,5,1,259,414,1124863
3,Townhouse,SellerD,Region1,1968,5.66,1,4,0,647,104,388000
2,Unit,SellerD,Region1,1957,21.31,2,3,0,931,463,1459200
1,House,SellerD,Region2,4385,34.43,1,3,3,798,158,803244
4,House,SellerD,Region4,1585,8.94,3,4,2,830,168,618972
4,Unit,SellerC,Region1,4207,40.54,3,2,3,747,233,642192
5,Townhouse,SellerB,Region1,3448,30.74,2,2,3,115,50,776201
2,Unit,SellerB,Region4,2347,22.53,3,2,2,216,158,1232724
4,Townhouse,SellerA,Region3,4244,25.81,2,4,3,699,247,1205654
2,House,SellerB,Region1,3187,42.0,3,4,0,293,285,1481307
3,Townhouse,SellerA,Region1,2259,31.83,1,3,0,972,125,1218782
4,Townhouse,SellerA,Region1,3645,10.03,3,1,1,207,240,339724
3,Unit,SellerD,Region4,2590,6.54,2,4,2,462,491,1424994
2,Townhouse,SellerA,Region4,2426,39.05,1,5,1,745,245,718503
3,Unit,SellerC,Region2,4190,4.62,1,3,3,444,262,856463
1,House,SellerC,Region2,1571,34.18,1,2,2,455,359,1036664
2,House,SellerA,Region4,4844,12.21,2,1,1,639,228,568439
1,House,SellerB,Region1,2005,47.21,3,4,1,811,496,360702
2,House,SellerC,Region2,2784,21.3,1,5,2,891,265,1150745
3,House,SellerD,Region4,1091,42.94,3,2,3,857,299,1630962
2,Townhouse,SellerD,Region3,1571,6.17,3,4,3,696,159,901140
3,Townhouse,SellerC,Region2,1817,31.01,1,3,0,416,309,1497650
2,House,SellerA,Region1,4269,39.77,3,5,1,308,435,1847320
5,Townhouse,SellerD,Region3,4019,9.86,2,5,3,840,107,1375977
2,House,SellerD,Region4,3758,9.84,3,1,0,850,128,1641447
4,Townhouse,SellerB,Region3,4221,16.42,1,5,1,929,185,797047
3,Townhouse,SellerC,Region4,1994,44.94,3,4,0,926,207,1004689
5,House,SellerB,Region1,1892,19.42,1,4,1,707,110,1711866
4,Townhouse,SellerA,Region1,2729,6.33,3,1,0,858,85,709340
4,Unit,SellerA,Region3,3489,18.69,2,1,1,132,279,1270524
3,Unit,SellerB,Region3,4988,38.18,1,2,1,286,247,1464169
4,Townhouse,SellerA,Region2,3759,36.58,3,3,2,222,341,1388453
3,Unit,SellerD,Region3,2292,38.56,3,3,2,296,78,1046548
4,Townhouse,SellerD,Region2,4141,24.03,3,1,2,442,185,1879102
3,House,SellerD,Region1,1714,47.2,1,2,1,802,56,1652638
4,Unit,SellerA,Region4,4577,24.16,1,5,1,635,309,569334
4,Unit,SellerD,Region4,4528,22.58,3,1,2,739,122,1590537
1,Townhouse,SellerA,Region3,4711,1.73,2,1,0,373,477,1102429
4,Unit,SellerB,Region1,4160,12.23,3,3,0,329,382,1991969
5,House,SellerB,Region2,3069,43.95,3,4,1,557,117,1447419
3,Townhouse,SellerB,Region1,1375,1.43,2,1,2,776,485,396616
4,House,SellerB,Region4,2107,9.98,2,2,0,721,477,933737
1,House,SellerD,Region1,2986,9.0,2,5,0,368,266,536508
2,House,SellerC,Region4,4151,39.58,2,1,2,442,62,835044
4,House,SellerB,Region4,4348,30.79,1,2,0,264,294,334556
3,Townhouse,SellerC,Region2,3867,18.03,1,5,2,152,354,535487
5,Unit,SellerC,Region1,2458,19.84,2,2,2,365,253,1313302
1,Townhouse,SellerD,Region2,2477,39.57,1,4,1,709,144,654597
1,Unit,SellerB,Region4,1916,26.66,3,3,0,125,266,554897
1,House,SellerA,Region4,3167,5.08,1,1,2,890,344,654936
1,House,SellerA,Region1,4200,3.41,1,3,2,228,282,1718288
4,Unit,SellerB,Region4,3860,32.67,1,4,3,593,455,909223
4,Unit,SellerB,Region3,2156,39.18,1,3,3,203,98,683771
3,House,SellerA,Region3,2187,26.74,1,1,1,937,455,1241901
4,House,SellerD,Region1,2971,43.27,2,3,1,488,95,1079896
3,Unit,SellerD,Region1,2198,38.88,3,3,1,374,491,988436
1,Townhouse,SellerB,Region4,3843,23.52,2,3,0,261,463,1641237
3,House,SellerA,Region3,4660,25.58,1,5,0,252,199,560908
5,House,SellerD,Region2,2113,29.21,2,5,0,352,378,1918216
5,House,SellerA,Region4,2952,37.08,2,5,2,346,470,1196048
2,Townhouse,SellerB,Region1,1599,32.31,3,5,0,119,323,1201351
4,Unit,SellerC,Region3,4771,38.74,2,2,3,609,358,1945697
5,Unit,SellerA,Region3,4063,48.07,2,4,1,603,316,1460742
3,House,SellerB,Region4,3893,25.56,1,3,3,601,273,755006
5,House,SellerA,Region1,1506,20.66,1,2,0,359,201,1332765
5,Townhouse,SellerD,Region4,4745,47.9,1,4,0,486,200,432779
2,Unit,SellerC,Region1,4898,13.35,3,5,2,259,149,956724
3,Townhouse,SellerB,Region1,4200,9.9,1,1,2,150,186,1631630
3,Unit,SellerA,Region3,4055,38.67,1,1,1,943,282,348377
1,Unit,SellerD,Region4,1830,25.79,3,1,1,615,497,564425
2,House,SellerB,Region2,1124,31.73,3,1,3,454,84,1662109
1,Townhouse,SellerA,Region4,4057,16.41,3,2,0,817,416,1259372
1,Townhouse,SellerC,Region1,2039,31.39,2,5,2,561,413,1021497
1,Townhouse,SellerB,Region2,4717,13.42,1,5,0,309,217,1861525
3,House,SellerB,Region4,3942,47.12,2,1,2,994,255,1101137
2,Townhouse,SellerD,Region1,1798,8.54,3,2,1,885,209,1434771
5,House,SellerD,Region4,2133,17.57,2,5,3,330,56,411861
4,Townhouse,SellerB,Region3,1452,12.11,2,1,2,577,106,1351440
5,House,SellerC,Region3,1651,17.65,2,1,3,832,454,1205517
2,Unit,SellerC,Region1,3383,10.31,2,3,3,312,223,976629
3,Townhouse,SellerB,Region3,4620,19.53,3,1,3,964,333,1942085
1,Townhouse,SellerB,Region2,3476,2.85,1,3,2,612,188,979169
1,House,SellerD,Region1,2530,30.41,3,3,2,407,287,1817249
2,Townhouse,SellerB,Region1,1593,43.51,2,2,0,581,304,1600978
4,Unit,SellerD,Region2,3959,4.42,3,4,2,894,218,1635793
2,Townhouse,SellerC,Region1,2094,16.14,1,4,2,325,214,558694
5,Townhouse,SellerC,Region2,4360,9.05,1,1,1,180,240,1083673
3,House,SellerB,Region1,2823,29.61,2,1,2,245,389,1820150
3,Unit,SellerD,Region4,1316,4.03,2,3,0,937,309,332054
4,House,SellerB,Region4,4401,23.22,1,2,2,510,200,775692
4,Unit,SellerA,Region2,1087,2.4,3,4,1,324,258,786971
1,Townhouse,SellerA,Region2,2091,21.5,2,2,3,251,73,705304
5,Townhouse,SellerC,Region1,2322,49.64,1,1,3,174,257,1507592
1,Townhouse,SellerB,Region3,3907,24.57,2,4,0,471,462,878678
5,Unit,SellerD,Region2,4339,20.26,1,5,0,216,476,825691
4,Townhouse,SellerA,Region4,4759,23.48,1,2,3,736,109,1144574
5,Unit,SellerA,Region4,4829,43.88,2,5,1,874,493,918285
5,Townhouse,SellerC,Region3,2967,16.64,3,3,0,386,128,322233
4,House,SellerD,Region3,2521,48.86,1,4,2,162,372,958462
1,House,SellerC,Region4,1859,23.1,3,2,0,602,420,952399
1,Unit,SellerC,Region2,2882,10.0,3,4,0,112,482,1328370
1,Townhouse,SellerD,Region1,2858,25.34,1,3,2,557,231,330750
1,House,SellerD,Region1,4137,35.99,3,1,1,382,406,924477
2,Townhouse,SellerC,Region4,1412,19.65,2,5,2,610,314,1693488
5,House,SellerA,Region3,2213,48.69,3,4,3,586,111,881958
1,Townhouse,SellerC,Region4,3546,10.23,3,4,3,937,105,1555232
5,Unit,SellerA,Region1,2426,30.65,1,5,1,488,148,316809
4,Townhouse,SellerA,Region4,4159,45.51,3,3,1,697,135,1867525
5,House,SellerA,Region4,1812,49.68,1,2,1,694,147,848964
4,Unit,SellerC,Region3,1064,34.53,3,1,3,694,372,1595904
3,Townhouse,SellerD,Region3,1928,43.36,1,2,1,956,265,968087
5,Townhouse,SellerB,Region2,1625,46.14,1,2,2,813,114,1796602
3,Townhouse,SellerC,Region1,1652,30.16,1,4,2,569,413,1363165
2,House,SellerA,Region3,2100,1.65,1,4,1,188,251,1524820
1,House,SellerC,Region1,2165,39.6,2,3,2,555,352,802230
3,Unit,SellerD,Region2,1708,28.69,2,5,3,200,224,1749565
2,Townhouse,SellerC,Region1,4967,45.48,2,2,1,624,240,360236
5,Unit,SellerD,Region4,3542,45.13,3,3,2,320,245,820257
4,Townhouse,SellerC,Region3,1218,1.23,2,3,3,393,314,737577
4,Townhouse,SellerA,Region2,2270,46.88,3,1,3,859,453,865774
3,House,SellerC,Region3,4306,5.68,2,1,1,224,488,1831702
5,House,SellerB,Region3,1614,21.47,3,1,1,528,283,1618240
3,Unit,SellerC,Region4,3821,18.52,3,5,1,424,379,882850
4,Unit,SellerD,Region3,1297,30.44,2,1,0,991,87,1880191
1,Townhouse,SellerB,Region2,2383,33.34,3,5,0,557,453,1685950
2,Unit,SellerD,Region1,3969,31.64,1,1,0,778,243,820789
4,House,SellerD,Region2,4293,29.68,1,2,2,884,422,1559128
5,House,SellerC,Region3,1735,6.51,2,5,0,788,468,1362278
1,House,SellerC,Region3,3927,36.38,3,1,0,377,219,1481858
2,Unit,SellerC,Region3,1443,2.11,2,5,3,726,163,1424830
4,House,SellerD,Region2,4798,13.58,3,1,0,763,365,663075
5,House,SellerA,Region2,3508,2.56,1,1,3,122,448,1731714
3,Unit,SellerD,Region1,2366,45.93,1,2,1,304,402,1044162
5,House,SellerB,Region1,2980,49.85,1,5,0,804,298,993581
1,Townhouse,SellerD,Region2,3960,23.59,3,3,0,424,124,1706006
4,Unit,SellerA,Region4,1633,9.12,3,5,1,941,467,1939097
1,Townhouse,SellerD,Region2,4754,40.77,3,4,3,441,296,388818
1,House,SellerB,Region3,4872,26.23,1,3,0,268,390,1259968
2,Unit,SellerD,Region3,4983,39.75,1,4,0,576,351,1604463
3,Townhouse,SellerC,Region4,2706,17.69,3,3,3,875,489,616101
2,Unit,SellerA,Region1,1529,34.85,2,5,1,827,92,1915680
2,Unit,SellerC,Region2,1952,40.77,2,1,0,947,296,1925036
5,Townhouse,SellerB,Region3,2788,14.26,1,1,3,648,336,1818404
1,Unit,SellerB,Region1,3347,47.56,2,2,2,122,486,617590
3,Unit,SellerA,Region1,1839,25.23,1,4,2,380,118,1491276
3,Unit,SellerD,Region2,4552,48.79,2,2,3,164,159,1503434
1,House,SellerB,Region4,4272,31.11,2,2,0,936,465,950128
2,Unit,SellerD,Region3,3919,26.52,2,1,0,543,398,1863535
1,Townhouse,SellerA,Region1,3711,26.27,1,2,1,361,137,522206
1,Townhouse,SellerC,Region2,3328,9.04,2,4,1,633,158,463046
2,Unit,SellerA,Region1,2783,40.1,3,5,3,605,340,976617
4,Townhouse,SellerC,Region1,2711,43.37,3,3,0,586,494,1229385
1,Townhouse,SellerB,Region3,2518,48.0,1,3,2,607,497,1901226
2,Unit,SellerC,Region2,3123,49.64,3,4,3,805,144,1479649
5,House,SellerB,Region3,4359,7.73,1,3,3,111,325,1587915
3,Townhouse,SellerB,Region1,4241,19.11,1,1,0,236,350,1047694
2,House,SellerD,Region3,1367,35.72,1,5,0,906,381,1241311
1,House,SellerD,Region3,2016,39.63,2,3,0,498,54,1011940
2,Townhouse,SellerA,Region4,2697,39.07,1,2,3,340,112,709930
1,Unit,SellerC,Region3,4721,40.88,1,1,2,759,165,766346
2,Unit,SellerC,Region2,4845,24.16,2,2,1,377,240,1166518
4,Townhouse,SellerB,Region4,1273,49.95,1,1,3,126,151,888578
2,Unit,SellerD,Region3,2161,35.37,3,4,1,402,100,1870295
4,Unit,SellerD,Region3,3879,45.39,1,1,3,885,488,1947334
1,House,SellerD,Region4,3802,14.03,2,1,2,508,235,1018978
1,Unit,SellerC,Region3,1769,14.19,3,4,3,183,269,730518
5,Unit,SellerD,Region2,1195,40.95,2,2,2,598,175,356485
3,Townhouse,SellerB,Region4,2251,26.21,2,2,1,601,67,797920
2,Unit,SellerB,Region2,1370,29.14,2,5,1,972,242,1159980
1,Townhouse,SellerC,Region2,1123,36.85,3,4,3,396,278,1201739
2,House,SellerB,Region4,3702,9.27,1,3,2,630,470,537630
1,Unit,SellerB,Region4,4542,31.12,1,1,1,901,218,951658
2,House,SellerD,Region3,3897,9.98,2,2,3,489,281,1026911
3,House,SellerB,Region1,1389,13.52,1,3,2,503,400,1053184
1,House,SellerD,Region4,2205,4.43,2,5,3,536,486,1220451
3,House,SellerC,Region4,1492,33.91,2,3,0,619,93,488091
3,Townhouse,SellerA,Region4,3437,28.14,2,5,2,966,467,1550599
2,House,SellerD,Region2,2654,33.73,3,5,3,761,399,1912828
5,House,SellerA,Region4,4010,23.35,1,4,3,434,273,1585319
2,Townhouse,SellerC,Region4,2854,19.82,1,5,2,852,205,1656900
2,House,SellerA,Region4,2664,8.33,1,3,2,464,128,829307
2,Unit,SellerC,Region2,4708,41.74,1,1,1,685,305,1726736
5,House,SellerB,Region3,1378,44.91,2,2,3,612,196,1773469
5,Unit,SellerB,Region4,1022,44.52,3,5,2,709,76,1299292
1,House,SellerD,Region4,2404,13.26,1,5,2,202,181,789544
2,Townhouse,SellerD,Region1,4613,29.21,3,2,1,802,437,899033
5,House,SellerB,Region2,2258,36.79,3,4,1,574,492,1999971
1,Townhouse,SellerA,Region3,1608,48.06,2,3,0,578,308,1676697
4,House,SellerD,Region4,2963,48.81,1,1,3,734,103,1401829
4,Townhouse,SellerC,Region3,2785,41.42,1,4,0,230,62,1248504
4,Unit,SellerD,Region3,4313,2.22,3,2,2,655,302,1898500
5,House,SellerC,Region2,1080,41.74,3,3,2,606,400,701254
1,Unit,SellerD,Region1,2012,19.78,2,1,3,710,182,724865
1,House,SellerA,Region2,4699,25.36,2,5,3,537,478,475073
4,Townhouse,SellerD,Region4,3277,13.76,2,2,2,824,216,923526
1,Unit,SellerA,Region2,4952,42.59,1,2,3,862,210,381101
2,Townhouse,SellerD,Region3,4450,33.43,3,4,2,821,363,1714181
3,Townhouse,SellerC,Region4,4424,45.91,3,4,0,772,113,687251
5,Townhouse,SellerC,Region1,3491,4.16,2,1,2,919,489,1641450
1,Unit,SellerB,Region3,3273,7.73,3,1,2,899,429,639285
4,Townhouse,SellerC,Region3,3143,14.68,1,5,2,635,304,1356519
2,Unit,SellerB,Region1,2456,5.25,3,5,1,235,300,1618003
1,Townhouse,SellerD,Region2,2441,32.55,3,1,1,757,207,384334
2,Unit,SellerB,Region3,1143,3.36,1,3,1,360,179,812584
3,Unit,SellerD,Region2,3816,8.58,3,5,2,399,358,1008397
2,Townhouse,SellerB,Region2,3339,49.33,3,1,1,507,53,1208555
1,Townhouse,SellerB,Region1,1492,4.05,3,4,1,730,269,1697189
1,House,SellerA,Region3,2736,15.21,1,4,1,968,470,1120775
1,Townhouse,SellerC,Region4,3413,44.12,3,2,2,457,193,1957384
5,House,SellerA,Region1,2832,2.3,3,5,2,494,408,1376820
4,Unit,SellerC,Region4,2620,6.64,3,4,1,610,372,1774483
1,House,SellerD,Region3,2322,9.99,2,4,2,300,401,1862240
3,Unit,SellerD,Region2,4001,12.92,3,5,1,329,233,787982
4,Unit,SellerC,Region4,3551,22.27,2,5,1,412,205,466528
5,House,SellerD,Region3,4954,47.83,2,5,0,231,399,723029
4,Unit,SellerD,Region4,1179,15.04,3,2,0,881,341,489911
2,Unit,SellerC,Region3,1981,12.37,3,4,1,423,68,849495
2,House,SellerD,Region1,3950,11.55,2,4,2,182,321,715178
4,House,SellerD,Region1,2178,24.1,1,1,3,363,474,505966
4,Townhouse,SellerD,Region1,3741,18.84,2,5,0,661,141,1099361
5,House,SellerB,Region1,3665,49.56,2,3,0,414,378,560810
4,Townhouse,SellerA,Region3,1331,39.19,3,2,1,511,282,369276
5,Unit,SellerD,Region2,4603,4.58,1,1,2,912,161,1574840
5,Townhouse,SellerD,Region1,3165,43.46,3,1,1,774,315,764161
1,Unit,SellerD,Region4,1138,49.49,3,1,0,140,214,1282302
2,Townhouse,SellerA,Region1,3990,20.85,1,2,1,822,341,1050544
2,Unit,SellerC,Region2,1192,5.78,1,3,3,669,111,315577
1,House,SellerA,Region3,4126,33.96,3,5,3,870,335,893451
5,Unit,SellerA,Region3,4616,38.53,3,2,0,912,187,915350
4,Unit,SellerB,Region4,1827,31.8,2,1,0,308,356,1795720
5,Townhouse,SellerA,Region4,4905,39.63,3,1,1,406,293,394325
4,Unit,SellerB,Region2,4738,13.53,3,5,1,156,477,1772594
2,House,SellerD,Region2,3152,47.88,2,1,3,140,372,651978
5,Townhouse,SellerA,Region1,2498,29.05,1,2,3,402,58,1495049
5,Townhouse,SellerC,Region3,1160,41.68,1,4,0,551,254,1683431
2,Townhouse,SellerD,Region3,4757,40.78,1,4,1,169,481,711724
3,Townhouse,SellerB,Region1,2507,6.2,2,4,3,383,319,1216973
1,Townhouse,SellerB,Region2,2512,41.8,3,5,0,192,117,432939
4,Townhouse,SellerA,Region4,4839,2.71,3,5,0,995,367,1611335
2,Unit,SellerB,Region4,2912,38.63,3,5,3,765,59,1579103
2,Townhouse,SellerA,Region4,4924,7.83,1,3,0,992,102,967477
3,Unit,SellerC,Region1,1209,11.12,3,1,3,833,147,1455782
4,Unit,SellerB,Region4,4462,35.35,3,2,1,199,416,1133317
5,Unit,SellerC,Region3,1236,12.76,1,1,0,689,214,1828763
5,Townhouse,SellerD,Region3,2120,33.15,3,2,1,378,323,1741091
1,Unit,SellerB,Region1,1259,44.41,3,5,2,677,375,1903979
5,Townhouse,SellerD,Region4,4609,36.57,1,2,3,181,163,1072358
3,House,SellerD,Region2,3877,37.84,1,5,2,807,466,1162450
3,House,SellerD,Region2,2046,29.88,2,3,1,567,422,1469712
5,Unit,SellerA,Region4,2709,13.54,3,5,3,112,177,1427275
5,Unit,SellerD,Region1,4182,29.32,2,1,3,100,333,1116329
3,Unit,SellerC,Region2,4201,7.48,1,1,0,840,89,591668
1,Townhouse,SellerC,Region2,4116,27.29,3,4,1,778,409,1033535
2,Townhouse,SellerA,Region4,2020,16.44,3,4,3,653,119,1973678
4,Unit,SellerB,Region1,4662,4.03,2,3,3,599,322,1721813
3,Unit,SellerC,Region2,1444,6.84,1,1,2,809,489,1759228
1,Unit,SellerB,Region1,4448,40.44,1,1,1,844,189,439443
4,House,SellerC,Region4,1514,8.5,2,2,1,974,350,439757
2,Townhouse,SellerC,Region1,4310,46.12,3,2,0,553,183,489442
1,Townhouse,SellerB,Region4,3013,18.91,1,2,2,567,303,471368
1,House,SellerC,Region1,3930,31.51,2,1,0,248,132,1876054
2,Unit,SellerC,Region2,3242,47.16,1,3,1,149,352,1764924
5,House,SellerC,Region1,4053,24.99,2,1,1,643,496,659390
4,House,SellerD,Region3,1887,19.74,2,3,3,606,423,967985
5,House,SellerA,Region3,1486,5.73,3,3,2,870,236,1559076
5,House,SellerD,Region2,4986,49.13,1,4,1,454,363,1508137
1,House,SellerA,Region3,2267,15.45,1,4,2,568,457,1447930
5,Townhouse,SellerC,Region2,3464,26.62,1,2,3,684,50,856140
3,House,SellerB,Region2,3797,42.19,3,4,0,958,102,739297
5,House,SellerB,Region3,2680,5.87,2,5,0,669,82,378708
5,House,SellerB,Region3,4901,36.55,2,2,1,809,366,1309935
1,House,SellerA,Region1,2727,34.44,3,3,2,831,266,1390806
3,Unit,SellerD,Region2,2989,26.53,2,4,2,901,107,375813
3,Townhouse,SellerB,Region2,1786,25.54,1,5,0,656,187,1526216
5,Townhouse,SellerB,Region2,2290,48.54,2,3,2,367,104,566653
2,House,SellerB,Region3,1168,14.04,3,5,1,667,242,1227243
1,Unit,SellerB,Region1,4420,32.95,2,5,0,928,370,1299758
5,Unit,SellerD,Region1,2650,19.18,2,4,2,391,100,1211936
1,Townhouse,SellerA,Region4,4469,15.82,3,5,2,260,387,1391696
3,Townhouse,SellerA,Region1,1888,25.17,3,1,3,322,73,1164382
3,House,SellerB,Region3,3377,42.62,2,5,2,218,490,1650453
5,House,SellerC,Region1,3817,45.15,2,1,0,430,293,1724962
4,Unit,SellerA,Region4,3466,38.11,3,1,1,660,441,1596251
4,Townhouse,SellerD,Region4,1167,44.39,2,5,0,262,317,1561620
3,Townhouse,SellerB,Region3,2636,25.87,1,3,2,569,260,959282
1,Townhouse,SellerD,Region3,1439,19.75,3,3,1,112,268,1101750
4,House,SellerA,Region3,4139,15.27,1,2,3,754,314,1316965
3,House,SellerA,Region2,4094,47.56,2,3,3,917,487,493159
4,House,SellerA,Region2,4971,23.65,1,4,1,126,347,1782258
1,House,SellerA,Region1,4458,33.99,1,3,0,534,322,1647206
2,House,SellerB,Region2,4209,16.08,3,3,1,120,178,695417
2,House,SellerB,Region3,1223,37.05,2,1,1,924,393,587391
3,Townhouse,SellerB,Region3,1717,45.02,3,3,3,675,208,698941
3,Townhouse,SellerD,Region3,3038,34.55,2,3,2,746,270,1369010
5,Unit,SellerB,Region2,3467,16.32,3,5,3,631,362,1345007
4,Unit,SellerD,Region2,4920,5.7,3,5,0,738,145,1080804
3,Unit,SellerB,Region3,1599,43.32,2,1,2,758,260,1465007
2,House,SellerB,Region4,4192,32.62,2,1,2,255,66,911312
2,Townhouse,SellerA,Region3,1086,20.54,2,5,2,248,134,1515520
5,Townhouse,SellerB,Region2,3945,35.1,3,5,0,345,417,1060705
2,Townhouse,SellerC,Region3,4073,25.32,1,1,3,762,306,822417
2,House,SellerB,Region3,4486,40.62,3,1,0,541,489,1087091
2,House,SellerA,Region4,3131,23.52,2,3,0,520,259,1381963
1,Townhouse,SellerB,Region3,4592,27.07,3,4,3,361,446,529975
5,Townhouse,SellerD,Region1,4890,13.18,2,5,2,146,293,1127141
4,Unit,SellerB,Region2,2127,5.52,3,2,0,201,93,1184124
4,Unit,SellerB,Region2,4100,20.12,1,3,1,667,234,1928329
5,House,SellerC,Region1,3776,36.64,2,3,3,435,248,420492
4,Unit,SellerB,Region4,1527,37.59,2,2,0,525,423,518192
5,Unit,SellerC,Region1,4285,5.7,3,4,3,716,479,1705731
2,Townhouse,SellerB,Region1,2756,20.54,3,4,0,399,224,1032400
1,House,SellerA,Region1,1429,47.61,1,2,0,431,118,1399273
3,House,SellerC,Region2,3527,4.65,1,3,2,236,328,1847601
1,House,SellerD,Region2,2783,21.92,1,3,1,958,440,1074187
4,Unit,SellerA,Region4,1455,37.82,3,5,3,651,155,602287
2,House,SellerB,Region2,4235,5.23,1,3,3,393,478,1580398
5,Townhouse,SellerA,Region4,2096,37.83,1,2,1,211,239,310326
1,Unit,SellerA,Region2,4391,12.74,3,2,3,565,327,633779
1,Unit,SellerC,Region2,2183,16.54,3,2,2,679,390,721969
1,Unit,SellerC,Region4,2155,15.22,1,3,0,843,379,1749000
3,House,SellerB,Region1,3730,16.99,3,4,3,172,150,1170152
1,Townhouse,SellerA,Region1,2147,27.9,2,3,1,919,118,1088309
3,Unit,SellerB,Region1,4859,13.4,3,3,0,474,260,1393386
3,Unit,SellerB,Region3,1410,14.03,1,2,1,530,164,500971
2,Unit,SellerD,Region1,4144,43.86,3,3,3,414,174,1057628
1,Unit,SellerC,Region1,2262,36.26,2,2,3,397,241,1014948
3,House,SellerB,Region2,3973,43.15,2,3,2,111,125,502481
3,Unit,SellerD,Region1,3350,20.36,3,3,3,791,262,834703
1,Townhouse,SellerB,Region3,3438,42.06,1,3,3,563,206,331539
4,House,SellerD,Region3,3796,20.37,1,1,0,231,161,970865
3,Townhouse,SellerB,Region1,1771,12.65,2,1,1,514,472,857822
5,Unit,SellerC,Region3,2166,22.1,2,4,3,829,338,1918535
5,House,SellerA,Region3,3888,45.88,3,5,0,672,161,660860
5,Townhouse,SellerD,Region3,1894,12.82,2,2,0,657,387,1647360
2,Unit,SellerA,Region4,3666,38.2,3,5,2,876,295,1684376
4,Townhouse,SellerB,Region3,3404,41.61,3,2,0,996,286,1127797
3,Townhouse,SellerA,Region3,2836,39.54,1,2,0,891,350,890254
4,House,SellerA,Region3,1726,6.82,1,2,0,292,181,806108
4,Unit,SellerA,Region4,2665,27.09,1,3,2,236,136,543439
1,Townhouse,SellerD,Region3,2413,28.65,3,3,1,845,194,1559133
2,Unit,SellerD,Region3,4168,17.22,2,5,1,816,147,457443
4,Townhouse,SellerC,Region1,2192,35.38,1,2,3,747,457,1088214
4,House,SellerC,Region3,3597,13.59,3,3,0,661,264,1106331
5,Townhouse,SellerA,Region1,4074,45.81,1,3,0,686,276,1671941
2,House,SellerD,Region1,3199,25.1,1,2,0,595,99,1955628
1,Townhouse,SellerD,Region3,3508,14.35,3,4,2,768,251,1742480
2,Townhouse,SellerC,Region2,4493,17.78,1,1,2,342,384,1692018
4,Townhouse,SellerD,Region4,3551,15.53,1,5,1,702,378,895065
2,Unit,SellerA,Region2,4404,2.62,3,1,0,586,449,1317086
4,House,SellerB,Region2,4439,20.39,3,3,0,354,463,337633
1,Unit,SellerA,Region1,2088,4.63,3,1,0,729,224,1459590
1,Townhouse,SellerA,Region1,1097,41.43,1,1,1,917,438,1817208
5,House,SellerC,Region3,3889,37.38,3,4,1,308,464,1140313
1,Unit,SellerC,Region4,4610,46.41,2,5,0,359,61,400125
2,Unit,SellerC,Region2,2555,28.63,2,5,1,317,454,1347294
1,House,SellerC,Region3,1701,13.98,3,4,0,966,209,1432998
5,House,SellerC,Region3,3604,12.61,3,2,2,714,367,1897677
4,Unit,SellerB,Region2,2828,38.45,2,2,1,103,367,1744490
4,House,SellerA,Region1,3483,19.77,1,1,2,961,98,1754318
4,House,SellerA,Region1,2484,1.77,3,3,1,280,446,303116
2,House,SellerA,Region2,4670,38.45,1,3,2,613,89,1407485
3,Townhouse,SellerB,Region1,2188,19.97,1,1,0,475,418,1529697
1,Unit,SellerB,Region1,3798,25.36,1,3,0,479,168,467627
4,House,SellerA,Region3,1529,9.53,2,1,0,841,328,1293396
3,House,SellerB,Region2,3572,17.25,1,4,1,117,492,1241739
3,Unit,SellerA,Region4,2929,31.32,3,3,0,548,482,785241
5,House,SellerD,Region3,3121,13.97,3,4,2,489,119,1607255
3,Townhouse,SellerC,Region1,1501,41.17,2,2,2,241,122,1790050
3,Townhouse,SellerA,Region4,2620,21.23,2,1,2,201,86,1802043
4,Townhouse,SellerC,Region2,3127,15.63,3,4,2,603,180,1019070
3,Unit,SellerA,Region2,1309,34.96,3,3,2,242,168,1502125
5,Unit,SellerC,Region3,2791,7.73,3,5,2,525,293,630559
3,Unit,SellerB,Region3,2959,40.77,1,5,1,207,112,999987
1,House,SellerD,Region1,4580,37.91,1,2,0,380,427,363899
5,House,SellerD,Region2,1895,22.41,3,2,0,277,474,1903897
4,Townhouse,SellerA,Region1,2909,20.65,3,4,2,673,480,411877
1,House,SellerB,Region2,4235,20.62,2,1,1,942,490,1036704
1,Unit,SellerA,Region4,3994,36.43,3,3,3,579,449,856015
5,Townhouse,SellerA,Region1,1917,22.59,1,5,2,674,396,1522585
3,House,SellerC,Region4,3202,8.23,1,5,3,693,349,1638537
5,Townhouse,SellerB,Region3,2396,33.79,3,2,1,932,284,882141
1,House,SellerB,Region1,3266,34.43,3,1,3,146,71,1902055
2,House,SellerC,Region1,3685,41.78,1,3,0,163,288,858555
2,House,SellerC,Region2,4731,27.82,3,5,3,221,88,1728961
2,Townhouse,SellerD,Region4,4980,45.56,1,1,2,623,151,503782
1,Unit,SellerB,Region4,3602,45.14,3,4,3,317,200,721481
1,House,SellerB,Region1,3964,46.55,1,2,0,888,256,1768619
5,House,SellerD,Region1,2067,38.25,3,4,2,474,298,1783123
3,Townhouse,SellerD,Region3,2567,11.22,1,5,1,914,88,1614413
3,House,SellerB,Region3,4733,37.77,2,4,3,773,425,1976490
5,House,SellerC,Region3,4917,24.73,2,5,3,892,489,884874
5,House,SellerC,Region4,3856,27.69,3,4,3,952,383,457548
1,Townhouse,SellerC,Region1,3332,15.97,3,2,3,397,225,720549
2,Unit,SellerB,Region1,4734,20.23,3,2,2,713,489,1186939
1,Unit,SellerD,Region4,2963,22.62,1,1,3,188,300,943904
5,House,SellerD,Region1,4639,23.73,3,5,0,523,225,1637087
4,Townhouse,SellerD,Region1,3774,29.51,3,1,2,280,447,1742503
2,Townhouse,SellerC,Region1,1724,31.65,1,3,2,941,320,1184445
4,Townhouse,SellerA,Region2,4104,7.38,3,3,2,306,130,467860
4,House,SellerA,Region2,1340,22.23,3,3,0,145,144,418909
4,Townhouse,SellerB,Region2,3770,30.53,2,1,2,787,54,733456
1,Townhouse,SellerD,Region4,1412,3.83,3,2,0,701,444,1560246
2,House,SellerC,Region2,2825,25.49,1,1,1,558,420,1658844
1,House,SellerC,Region3,3927,10.74,1,2,2,719,179,415443
3,Townhouse,SellerB,Region3,4846,33.2,1,4,2,233,55,1941987
2,House,SellerB,Region3,1161,11.39,2,3,0,153,121,1696540
2,House,SellerA,Region3,1786,46.31,2,3,2,202,171,654600
4,House,SellerB,Region3,2881,6.86,2,4,0,789,95,307077
4,Townhouse,SellerD,Region3,3628,17.39,1,2,1,348,162,407208
5,Townhouse,SellerD,Region2,4567,26.2,1,4,2,386,417,1495524
2,Townhouse,SellerC,Region2,1156,36.43,3,3,3,205,300,980776
4,House,SellerD,Region3,2720,10.87,1,4,2,374,319,1242321
4,Unit,SellerC,Region4,1565,39.01,2,1,1,558,290,326841
3,House,SellerA,Region1,2921,25.64,2,3,0,540,330,524631
4,Townhouse,SellerC,Region2,3388,20.5,2,5,2,752,143,1014361
1,Townhouse,SellerC,Region1,4872,38.58,2,2,0,564,387,1165646
4,House,SellerD,Region3,3054,46.63,1,3,1,824,100,1264322
5,Unit,SellerA,Region1,4350,14.91,3,5,2,243,412,462910
3,Unit,SellerB,Region4,4688,47.39,1,5,2,298,360,1909809
5,Townhouse,SellerD,Region1,2022,48.78,2,4,0,840,74,801221
4,Unit,SellerB,Region1,3930,22.3,2,3,1,339,142,540319
3,House,SellerA,Region1,4642,38.56,2,4,1,838,213,1637665
5,Townhouse,SellerA,Region2,1956,46.48,1,1,1,349,383,437128
5,Townhouse,SellerB,Region4,3406,29.88,2,3,1,352,287,951707
5,Townhouse,SellerB,Region2,1619,24.85,2,2,0,142,178,1761372
5,Townhouse,SellerA,Region2,4839,38.64,1,4,0,210,303,618084
4,Townhouse,SellerB,Region1,2505,8.31,1,2,2,992,455,1337078
3,House,SellerC,Region3,1211,38.7,3,3,0,890,466,317430
4,Unit,SellerD,Region2,3013,5.9,2,5,2,202,237,1048508
4,Unit,SellerD,Region2,3284,20.96,2,5,3,244,392,444120
2,Townhouse,SellerB,Region3,1957,37.85,3,5,3,257,391,1823319
4,Unit,SellerA,Region1,1959,23.31,1,5,3,701,60,515861
1,Unit,SellerB,Region3,3809,40.26,1,5,3,438,390,1806371
3,Townhouse,SellerA,Region1,2894,31.37,2,2,1,794,81,525806
2,Townhouse,SellerD,Region2,4153,9.35,3,3,1,400,373,442669
1,Unit,SellerB,Region3,4876,16.38,2,2,0,959,393,1757761
4,Townhouse,SellerD,Region1,2127,10.99,1,3,2,675,200,960107
2,House,SellerA,Region4,3569,49.08,2,3,0,809,196,420503
1,Townhouse,SellerD,Region3,1330,39.02,3,5,1,416,128,1749459
4,Unit,SellerA,Region1,1758,34.52,1,4,3,836,201,1159983
3,House,SellerD,Region1,4551,13.29,3,3,1,473,185,821960
2,Unit,SellerB,Region1,4113,41.82,2,4,1,179,363,889244
2,Unit,SellerD,Region3,2634,19.9,1,4,3,550,355,1944895
5,Townhouse,SellerD,Region4,2350,39.61,1,5,1,100,172,667490
3,Townhouse,SellerA,Region3,4014,46.34,1,4,3,743,486,1452450
1,Townhouse,SellerC,Region1,2509,44.03,3,3,2,471,181,1739839
5,House,SellerC,Region4,1585,38.98,2,5,2,225,451,733950
4,House,SellerD,Region3,3897,36.93,1,4,2,941,363,1245337
4,Unit,SellerC,Region2,2858,30.26,3,5,0,436,207,1583756
2,House,SellerC,Region2,4483,37.33,3,5,2,508,434,1765000
3,Unit,SellerC,Region2,3608,31.77,2,5,2,469,451,733079
1,Unit,SellerD,Region4,2236,37.26,1,5,2,679,457,455528
2,Unit,SellerA,Region3,2472,42.18,1,3,2,891,481,1922844
5,House,SellerA,Region3,2768,32.31,3,3,1,327,208,1618412
1,House,SellerA,Region3,2574,29.92,3,2,3,130,92,603547
4,Townhouse,SellerD,Region3,4609,22.93,1,1,1,392,429,1001269
5,House,SellerB,Region2,1544,21.52,1,2,2,905,468,989184
5,House,SellerD,Region1,3227,25.57,1,2,2,727,221,1082833
4,Unit,SellerA,Region1,4959,28.08,2,1,1,463,135,976996
2,Unit,SellerA,Region4,3661,21.73,2,3,3,844,480,1082598
5,Townhouse,SellerB,Region2,1357,22.41,3,2,1,448,496,1151412
1,Unit,SellerC,Region1,4010,16.05,2,2,2,326,452,1346832
2,Unit,SellerB,Region2,1814,37.75,3,2,2,332,396,1543365
1,Unit,SellerC,Region3,4297,16.58,1,2,3,473,173,1800905
4,Unit,SellerA,Region4,1588,12.53,2,4,1,612,152,682455
5,Townhouse,SellerC,Region4,4691,48.56,3,1,1,320,324,1209471
4,Unit,SellerA,Region4,2507,1.91,3,2,3,948,449,415689
1,Townhouse,SellerA,Region4,2217,47.64,1,4,2,133,129,597170
5,Unit,SellerB,Region2,4634,18.33,2,1,1,655,480,1192963
5,Unit,SellerC,Region4,3194,16.77,3,1,2,401,187,736928
1,House,SellerD,Region3,3866,15.35,3,1,0,890,120,341868
2,Townhouse,SellerA,Region4,1515,12.01,1,3,2,968,266,1410024
2,Townhouse,SellerC,Region1,3865,12.12,2,2,2,748,166,1638448
2,Townhouse,SellerB,Region1,3868,7.23,3,1,0,597,475,491356
1,Unit,SellerD,Region4,3449,37.46,1,2,2,216,377,500600
3,Unit,SellerD,Region3,3193,8.98,2,1,1,979,209,1737653
4,Unit,SellerD,Region2,2266,24.42,2,4,3,477,214,1761157
3,House,SellerA,Region2,1429,9.95,2,4,0,683,464,939594
3,Townhouse,SellerB,Region1,2204,10.09,2,1,0,903,177,606961
4,Townhouse,SellerB,Region2,3594,5.2,2,2,2,471,122,1592463
1,House,SellerA,Region4,1338,49.49,2,3,2,800,249,1326475
4,Unit,SellerD,Region2,4881,21.09,1,2,2,474,497,1712403
1,House,SellerC,Region3,1752,23.36,1,4,2,692,420,587344
2,House,SellerA,Region4,1225,19.28,3,2,3,926,346,601125
1,Unit,SellerB,Region4,3896,12.0,1,1,1,254,242,1378214
2,Townhouse,SellerD,Region2,3828,22.36,2,2,2,688,436,1267604
1,Townhouse,SellerA,Region3,1002,43.28,2,5,1,182,352,1475822
1,Townhouse,SellerB,Region3,1737,30.05,1,2,1,888,244,1161613
4,Townhouse,SellerB,Region2,2672,5.1,2,2,1,197,280,1480180
3,Unit,SellerA,Region4,4646,15.63,2,2,2,705,421,1932712
3,Townhouse,SellerD,Region2,4117,22.39,3,3,1,747,198,1194125
1,House,SellerD,Region4,3346,36.36,1,4,2,301,373,1807012
4,Unit,SellerC,Region4,2853,28.76,3,3,1,611,419,1373916
5,Unit,SellerC,Region4,1048,19.72,1,3,0,830,361,1279166
5,Townhouse,SellerC,Region4,3488,6.4,2,1,1,236,111,732242
5,Unit,SellerC,Region3,1179,3.68,3,2,0,218,320,1938228
4,House,SellerA,Region1,3457,44.82,2,2,3,809,129,379715
1,Unit,SellerB,Region3,1351,36.11,1,1,2,636,101,1498492
2,House,SellerD,Region2,1647,31.44,2,5,3,675,224,1417518
3,Unit,SellerB,Region1,3723,11.59,2,5,0,391,354,1482844
5,Townhouse,SellerA,Region1,3100,23.64,1,5,2,683,78,514375
5,Unit,SellerD,Region3,2903,29.89,2,4,1,772,273,920374
3,House,SellerC,Region3,3997,30.93,2,3,0,132,276,1816401
1,Unit,SellerC,Region4,2069,17.47,3,3,2,655,344,847924
1,House,SellerC,Region2,1756,24.96,1,3,0,379,432,858018
3,Townhouse,SellerD,Region4,4247,35.13,1,2,2,312,107,1706002
2,House,SellerB,Region3,1689,38.6,3,2,1,652,440,431805
3,Unit,SellerD,Region3,4436,24.94,1,3,3,426,67,1934724
2,Townhouse,SellerD,Region2,2315,14.02,2,4,1,592,160,583817
4,House,SellerA,Region3,4185,47.73,2,3,2,537,361,1055185
4,House,SellerC,Region1,3435,13.72,1,1,2,515,182,1446594
1,Townhouse,SellerB,Region4,1537,32.88,2,1,0,268,253,1119868
5,Unit,SellerA,Region4,3838,19.02,2,4,1,389,362,1081524
4,Unit,SellerA,Region2,4161,43.16,1,4,2,587,286,1956973
3,House,SellerC,Region4,3798,3.57,3,2,0,252,327,1070926
5,Townhouse,SellerD,Region3,3268,36.18,1,5,3,410,118,353112
3,Townhouse,SellerC,Region4,4736,31.9,2,1,0,642,83,1396926
1,House,SellerD,Region4,1166,9.07,3,1,1,941,288,1590508
3,Unit,SellerA,Region1,2572,25.81,1,2,2,487,213,1503764
2,Townhouse,SellerA,Region4,1085,10.25,2,5,1,277,244,743512
1,Townhouse,SellerA,Region3,2555,21.15,3,2,2,650,89,1698568
3,Townhouse,SellerA,Region2,4859,1.07,2,2,3,888,488,1467373
4,House,SellerC,Region4,1521,47.41,3,5,0,463,336,529842
1,House,SellerA,Region4,2753,40.72,1,5,0,872,489,1152960
2,Townhouse,SellerC,Region2,4904,25.45,3,5,1,448,442,961482
2,Townhouse,SellerC,Region3,1794,36.78,3,1,3,275,143,1531460
4,House,SellerC,Region4,3652,12.39,2,4,1,639,337,1175330
5,Townhouse,SellerB,Region2,4390,49.63,1,1,2,686,247,569367
3,Unit,SellerD,Region3,4953,25.35,2,3,2,402,151,1234723
2,Townhouse,SellerA,Region4,4745,24.36,1,1,1,334,351,465340
1,Townhouse,SellerB,Region2,1392,17.62,2,2,3,593,182,1715926
2,Townhouse,SellerB,Region4,2328,10.91,2,1,1,141,246,1559889
4,Townhouse,SellerC,Region4,4589,45.56,2,5,1,441,163,1072333
4,Townhouse,SellerA,Region2,3776,39.27,3,3,3,175,156,996449
1,Unit,SellerB,Region2,4589,3.85,2,4,1,583,88,682258
1,Townhouse,SellerB,Region1,1162,25.7,3,1,2,864,345,1800858
5,Townhouse,SellerA,Region4,3602,26.26,3,4,2,370,112,1080350
5,Unit,SellerA,Region2,2681,15.72,2,1,3,653,74,348090
1,Townhouse,SellerA,Region4,4597,29.43,3,3,0,913,224,432161
4,Unit,SellerD,Region1,4565,33.97,1,3,2,177,335,1852204
3,Townhouse,SellerD,Region1,3092,1.02,3,2,3,446,204,602410
4,Townhouse,SellerC,Region2,4967,12.88,1,2,3,904,112,1171275
5,Unit,SellerD,Region2,1383,1.73,3,1,1,933,308,351594
2,Townhouse,SellerC,Region3,3604,13.72,3,4,0,722,298,334326
1,Unit,SellerB,Region3,3552,33.09,3,1,2,735,231,670204
1,House,SellerA,Region1,3247,27.5,3,5,1,964,288,1182436
3,House,SellerD,Region2,4047,24.52,1,2,1,385,340,1791804
1,Unit,SellerA,Region1,4485,29.13,2,3,0,125,193,341630
3,Townhouse,SellerB,Region4,4154,8.82,1,4,2,328,319,1283141
3,House,SellerC,Region1,3892,3.45,1,1,1,432,437,1163569
5,House,SellerA,Region4,3517,7.79,3,3,0,285,260,452699
4,House,SellerC,Region3,1237,27.25,1,3,0,171,191,1590466
5,Unit,SellerC,Region1,1470,31.36,1,4,2,720,355,481294
2,Unit,SellerB,Region1,4739,10.33,2,2,2,402,429,1300861
5,Townhouse,SellerC,Region2,4337,18.89,1,1,2,596,289,1198476
1,Unit,SellerB,Region1,4005,41.82,3,3,2,323,192,976215
3,House,SellerC,Region3,3759,43.84,2,5,3,280,121,1395841
3,House,SellerB,Region1,2430,34.95,2,1,3,843,270,1003281
4,Townhouse,SellerC,Region3,1333,33.5,3,1,2,516,379,1324498
4,Unit,SellerC,Region3,3678,49.21,2,2,2,279,353,1508303
3,Unit,SellerB,Region1,1005,23.94,1,4,0,383,465,740039
1,Unit,SellerC,Region3,4881,49.65,3,3,0,659,55,920603
4,Unit,SellerB,Region2,1782,44.51,3,3,2,991,447,440388
2,Townhouse,SellerB,Region2,4088,23.04,2,1,0,880,321,698405
2,Townhouse,SellerD,Region1,1458,48.41,1,4,3,657,344,1419789
3,Unit,SellerB,Region4,3281,15.55,1,1,1,593,488,1247186
2,House,SellerB,Region4,1860,15.96,3,2,3,749,332,932428
5,House,SellerB,Region3,3936,4.04,3,1,0,326,490,1729590
3,House,SellerB,Region3,3434,37.81,2,5,2,696,173,830510
3,Unit,SellerC,Region4,3381,9.92,3,2,2,797,274,429178
3,House,SellerD,Region1,3671,38.62,1,1,1,979,212,956300
2,House,SellerC,Region3,4907,7.31,1,3,0,672,384,1201149
5,Townhouse,SellerA,Region1,3568,42.29,1,2,1,508,108,472713
4,Unit,SellerD,Region4,2863,39.34,1,1,0,166,148,1493458
4,Unit,SellerC,Region3,2220,26.53,1,3,2,741,164,1743322
4,Townhouse,SellerD,Region3,3500,7.34,1,4,2,908,129,1987567
4,Townhouse,SellerD,Region4,2925,13.97,3,4,2,443,471,1818136
4,House,SellerB,Region2,3867,21.45,1,2,1,934,436,1306372
2,Unit,SellerA,Region4,1569,12.39,1,2,0,607,497,665916
2,House,SellerC,Region1,1212,24.57,3,5,0,471,148,1720073
4,Unit,SellerC,Region2,1958,8.05,2,1,1,810,457,964510
5,Townhouse,SellerD,Region1,4766,31.0,3,5,2,899,434,1103375
1,House,SellerC,Region3,4708,47.42,2,5,3,530,345,558539
5,Unit,SellerA,Region4,1682,35.98,1,3,1,321,268,990318
5,Unit,SellerC,Region3,2165,22.92,1,3,3,201,324,989564
5,Townhouse,SellerD,Region4,2639,20.93,1,2,3,431,164,539517
3,Unit,SellerB,Region3,1607,39.45,1,4,0,155,204,579002
3,Unit,SellerA,Region1,2394,23.88,1,4,2,692,298,1719384
2,House,SellerA,Region4,1216,2.86,3,3,2,943,454,1502599
5,Townhouse,SellerA,Region3,4559,3.47,3,4,0,554,299,313240
2,Townhouse,SellerD,Region1,4895,13.8,1,4,2,504,290,1883096
2,Townhouse,SellerA,Region1,3674,24.65,2,3,2,284,400,1689153
2,Unit,SellerA,Region3,2453,15.38,3,2,0,192,276,510873
1,Townhouse,SellerC,Region2,1582,4.28,3,3,2,634,405,1947204
5,House,SellerC,Region1,1554,26.61,2,5,0,706,354,1307549
1,Unit,SellerA,Region4,1402,18.84,2,2,3,512,205,1489132
4,Townhouse,SellerB,Region2,4756,14.95,2,3,2,308,293,1607245
5,Townhouse,SellerB,Region3,1828,44.88,2,2,2,607,204,622115
4,House,SellerA,Region3,1828,28.89,2,3,2,549,60,1039009
2,Townhouse,SellerC,Region3,3855,13.27,1,5,1,190,452,1247731
3,House,SellerD,Region4,1008,22.72,3,4,0,236,144,630698
4,Unit,SellerD,Region1,2784,27.89,3,2,0,539,382,370829
2,Unit,SellerB,Region4,4156,31.01,1,2,3,227,303,1345502
3,Townhouse,SellerA,Region4,4890,48.79,3,2,1,372,59,1154901
3,House,SellerA,Region2,3147,44.69,2,5,0,920,285,336467
4,Unit,SellerC,Region3,1940,13.37,3,3,1,843,294,707373
4,House,SellerD,Region1,3577,45.85,2,4,0,100,56,1595910
1,Unit,SellerC,Region1,2307,5.44,3,4,0,411,263,1409607
1,Townhouse,SellerC,Region4,3674,13.99,3,3,2,937,235,788442
2,House,SellerC,Region3,2977,12.94,2,5,2,335,208,954278
3,Townhouse,SellerA,Region4,1580,14.7,3,2,3,928,95,1734870
1,Unit,SellerC,Region1,3837,27.41,3,3,3,499,377,1319425
5,Townhouse,SellerC,Region3,1186,39.41,1,3,1,877,66,1303496
1,Townhouse,SellerB,Region1,3138,5.93,2,2,0,304,207,440200
4,Townhouse,SellerA,Region3,3455,49.65,2,3,0,370,251,1452193
3,Townhouse,SellerD,Region2,2692,31.72,3,4,3,653,251,464767
2,Townhouse,SellerC,Region4,2385,41.99,3,3,1,133,380,1500128
3,Townhouse,SellerA,Region2,1487,32.15,2,1,1,818,76,354380
2,Unit,SellerD,Region4,3453,29.71,2,1,1,998,148,566718
3,House,SellerB,Region4,3107,26.46,1,2,3,814,178,369186
5,Townhouse,SellerB,Region2,2815,44.35,1,2,3,526,151,937857
4,House,SellerC,Region1,2362,27.35,2,5,2,300,388,1400057
4,Unit,SellerA,Region3,1368,9.58,2,2,3,821,164,1316688
1,Unit,SellerD,Region1,4286,42.97,1,5,0,343,407,646761
1,House,SellerD,Region4,3451,4.41,1,3,3,651,472,1152883
4,Townhouse,SellerA,Region2,2395,12.83,3,5,3,400,155,553059
1,Townhouse,SellerA,Region3,4747,6.64,2,4,2,844,409,1216049
2,Townhouse,SellerC,Region1,3838,35.46,3,4,1,427,86,1775862
3,Unit,SellerD,Region1,2195,7.67,2,4,3,678,486,624279
1,House,SellerB,Region3,1173,42.93,1,4,3,487,283,549460
5,Unit,SellerC,Region2,2129,17.05,1,4,1,574,340,1530444
5,House,SellerA,Region3,4295,33.56,1,1,3,108,365,936616
2,House,SellerA,Region1,4267,10.72,3,1,3,768,353,853842
1,House,SellerB,Region1,1239,19.65,2,5,2,348,284,1304781
1,Townhouse,SellerB,Region2,2752,33.78,2,4,2,769,130,1139341
5,House,SellerB,Region4,1014,24.67,2,4,2,125,170,1271366
3,Unit,SellerD,Region1,4619,49.08,1,5,2,730,232,568385
3,Townhouse,SellerC,Region4,2691,6.83,2,5,3,193,377,1988592
2,House,SellerA,Region2,2802,44.6,2,5,0,193,462,1677169
1,House,SellerC,Region1,3193,47.52,1,4,3,180,116,683651
2,Unit,SellerC,Region1,3674,33.36,1,5,0,681,337,1596739
1,Townhouse,SellerB,Region4,1497,42.71,2,4,1,237,120,1190546
1,Unit,SellerA,Region3,3173,36.44,1,1,0,429,289,1237561
2,House,SellerB,Region2,3898,35.67,2,1,2,201,154,1026981
1,House,SellerD,Region4,2500,34.71,2,1,2,160,442,1475340
1,Townhouse,SellerC,Region2,4389,12.42,1,3,3,248,435,507523
2,Townhouse,SellerB,Region4,1466,6.17,1,1,3,761,274,444251
2,Unit,SellerD,Region4,1876,37.1,1,5,3,874,433,539738
3,Unit,SellerC,Region4,3204,11.98,3,2,3,689,491,486389
2,House,SellerC,Region4,3445,13.32,1,4,0,583,285,490946
3,Townhouse,SellerB,Region1,3682,31.63,2,5,1,118,479,1895187
1,House,SellerD,Region3,4816,47.95,3,3,2,951,422,1470410
5,Townhouse,SellerC,Region3,4496,29.48,1,4,0,711,384,1330372
1,Unit,SellerA,Region1,4922,22.35,2,4,1,146,63,892808
4,Townhouse,SellerC,Region1,1735,10.34,3,3,2,938,136,597095
5,Townhouse,SellerB,Region1,3113,26.46,1,3,3,866,337,1392294
1,Unit,SellerB,Region3,4387,20.22,2,2,3,338,93,1958202
4,House,SellerD,Region4,2021,25.15,2,2,1,225,492,1318653
5,Townhouse,SellerB,Region2,1170,11.86,3,5,0,642,91,1786818
5,Townhouse,SellerD,Region2,1396,29.42,2,4,3,828,65,1271188
2,House,SellerA,Region2,1034,30.48,2,3,2,712,289,1696338
3,Townhouse,SellerB,Region1,4071,43.73,2,3,2,452,493,1844180
4,Townhouse,SellerD,Region4,3695,1.91,1,3,1,560,316,1763163
5,House,SellerC,Region3,2470,23.51,1,3,1,506,121,1137513
1,Townhouse,SellerA,Region4,4914,14.53,2,2,3,522,421,753704
1,House,SellerB,Region2,2942,20.6,3,4,0,292,493,1919402
2,Townhouse,SellerD,Region2,4136,18.36,2,2,1,428,174,1252178
4,House,SellerB,Region3,2085,4.41,3,3,3,444,280,1264382
4,Unit,SellerC,Region1,3447,30.51,1,2,1,177,471,1067008
4,Unit,SellerA,Region4,4880,16.75,2,1,0,252,149,652480
1,Unit,SellerA,Region2,4044,22.36,2,2,0,409,341,1080647
4,House,SellerC,Region3,1420,3.27,2,3,1,304,397,633506
1,Townhouse,SellerB,Region1,2295,36.42,3,5,2,114,317,521266
4,Townhouse,SellerA,Region2,1368,2.14,2,1,0,843,204,1617513
4,Townhouse,SellerD,Region2,3490,2.19,3,5,2,487,314,592058
4,House,SellerB,Region1,2146,33.04,2,4,0,242,210,568041
1,House,SellerD,Region4,3026,37.2,1,5,2,338,360,1266488
1,Unit,SellerA,Region2,2919,18.27,2,1,1,885,328,1943327
3,Unit,SellerA,Region4,3986,24.55,3,4,3,287,251,505253
4,Unit,SellerC,Region1,2981,21.65,3,5,2,187,124,1868676
1,Unit,SellerA,Region4,2914,48.23,3,2,0,828,448,1949810
4,Townhouse,SellerA,Region2,1524,21.1,1,4,1,454,144,1515159
3,Unit,SellerC,Region1,4131,6.18,2,1,1,195,89,1030654
3,Townhouse,SellerC,Region1,1602,12.9,3,4,0,197,387,1752642
1,Townhouse,SellerD,Region1,1119,8.49,2,4,1,625,247,1881111
5,Unit,SellerA,Region3,3274,1.69,2,1,1,531,440,1375777
4,Townhouse,SellerB,Region4,4478,15.87,1,2,1,471,187,793356
3,Unit,SellerA,Region2,4197,11.19,1,4,0,449,62,1611063
2,Unit,SellerD,Region2,3067,44.48,2,5,3,218,423,447989
1,House,SellerB,Region3,1395,47.36,1,3,3,281,143,377202
1,Unit,SellerC,Region2,3067,16.64,2,3,1,708,237,1448981
4,Townhouse,SellerC,Region1,1069,2.69,3,3,0,671,449,1347040
5,Townhouse,SellerD,Region3,3903,12.04,1,5,2,684,200,1669674
3,Unit,SellerC,Region4,3846,6.53,2,2,3,921,473,1102088
5,Townhouse,SellerC,Region4,3129,9.06,1,2,3,694,452,1669328
3,Townhouse,SellerB,Region2,2822,30.96,2,1,0,491,252,981153
4,House,SellerC,Region2,1645,29.54,1,2,3,577,57,529175
1,House,SellerD,Region4,1613,12.78,2,2,1,886,142,832572
1,Unit,SellerB,Region2,1261,12.36,2,1,3,984,415,409354
4,Townhouse,SellerA,Region1,1501,23.53,1,5,1,733,56,1214052
5,Townhouse,SellerB,Region4,1052,13.19,3,1,3,860,361,1715833
3,Townhouse,SellerA,Region2,2518,45.29,2,3,3,371,219,767777
5,House,SellerC,Region3,3678,29.17,3,1,3,350,188,981195
2,Townhouse,SellerA,Region1,3886,26.21,3,4,1,879,393,1473886
3,House,SellerA,Region4,2417,9.66,1,2,3,768,429,630578
1,House,SellerD,Region4,2500,31.51,2,2,0,150,90,1350397
4,Townhouse,SellerC,Region4,4855,32.43,2,4,0,860,151,1293581
1,House,SellerA,Region3,4918,30.65,3,4,2,627,199,1089119
5,Townhouse,SellerD,Region2,3552,35.84,2,1,1,129,129,1490260
3,Unit,SellerC,Region4,1260,41.32,2,4,3,738,475,1332333
5,Townhouse,SellerC,Region4,1024,38.72,1,5,2,710,114,886118
4,House,SellerB,Region1,1714,8.77,1,3,3,949,371,1050554
4,Townhouse,SellerA,Region3,3284,8.26,2,2,0,339,137,1155326
1,Unit,SellerA,Region1,2325,26.86,2,1,1,499,76,561423
3,Unit,SellerA,Region1,1433,6.73,3,3,1,566,420,1392157
4,Townhouse,SellerD,Region1,3192,35.45,3,2,3,484,245,1769407
2,House,SellerB,Region1,3237,2.29,2,4,2,302,311,1138941
2,House,SellerB,Region1,1461,6.4,3,5,3,965,474,450776
1,Townhouse,SellerA,Region4,2585,35.23,1,5,2,320,449,1248307
3,House,SellerA,Region2,2233,26.88,2,3,3,237,208,1343737
3,Townhouse,SellerB,Region3,1405,32.81,2,2,0,488,349,461676
1,Unit,SellerC,Region4,4819,47.68,2,1,1,872,419,824797
2,House,SellerD,Region4,4372,19.29,3,2,1,290,241,1707702
1,House,SellerC,Region4,4856,42.58,3,5,3,144,141,1124142
2,Unit,SellerC,Region2,3510,33.26,1,1,3,637,192,1899136
2,House,SellerC,Region3,3515,26.29,2,1,0,713,211,469010
2,House,SellerA,Region4,4578,32.13,1,3,3,971,384,1287882
1,House,SellerA,Region1,1922,32.33,1,3,3,612,460,1422346
5,Unit,SellerC,Region4,1974,40.65,2,1,0,521,137,724079
4,House,SellerB,Region1,4027,31.93,3,3,3,267,473,612547
1,House,SellerA,Region1,4147,31.54,3,5,3,919,390,1576020
3,Unit,SellerC,Region2,2134,1.69,1,5,0,340,246,1115299
1,Townhouse,SellerD,Region4,4920,45.07,1,4,0,413,389,1591407
5,House,SellerD,Region4,2902,37.36,1,1,2,463,388,1889926
5,House,SellerB,Region2,3616,13.56,2,4,0,213,477,580687
4,House,SellerC,Region3,3100,48.09,3,3,3,668,134,670740
2,House,SellerA,Region4,1211,33.02,2,2,0,352,136,589468
3,Unit,SellerB,Region4,3963,37.66,2,1,1,398,162,1904154
4,Unit,SellerA,Region2,4579,4.38,1,3,1,270,252,1328393
1,Townhouse,SellerC,Region4,2268,40.18,1,4,1,533,442,530154
1,House,SellerD,Region4,2780,28.32,3,4,2,606,463,1374738
3,House,SellerA,Region3,1916,13.01,3,2,0,243,193,1414529
3,House,SellerA,Region2,2678,22.8,2,5,1,686,344,401661
1,House,SellerB,Region2,3670,15.95,1,4,0,465,339,1504852
2,House,SellerD,Region3,1480,33.65,1,3,3,913,362,834164
3,Townhouse,SellerA,Region2,1572,21.1,1,5,0,222,287,512101
1,Unit,SellerC,Region2,1423,40.0,3,2,2,821,410,495577
3,House,SellerA,Region2,1622,25.96,2,1,1,320,365,1885375
5,Unit,SellerC,Region3,3511,12.86,1,2,3,594,250,462807
3,Townhouse,SellerB,Region4,1832,9.53,1,2,0,224,322,1050641
3,Townhouse,SellerB,Region1,4515,22.56,2,3,2,574,93,741545
5,Unit,SellerD,Region2,3915,44.78,1,2,0,860,87,889740
5,Unit,SellerA,Region1,1870,15.14,2,5,2,349,305,1311802
3,House,SellerC,Region2,3906,17.88,3,4,0,850,399,379872
4,House,SellerB,Region2,3698,5.96,2,5,0,657,358,1582492
3,Unit,SellerA,Region2,4038,8.58,1,5,2,954,292,1759357
2,House,SellerB,Region1,4138,46.52,3,4,1,842,378,1341437
4,Townhouse,SellerB,Region1,2751,11.45,1,2,1,125,358,649440
3,Townhouse,SellerC,Region2,4491,20.2,2,1,3,108,498,1121929
4,Townhouse,SellerA,Region3,4243,15.76,3,5,3,147,206,1874895
5,Townhouse,SellerB,Region4,4435,23.31,3,4,3,711,327,509768
3,House,SellerC,Region2,2114,47.44,1,2,2,731,439,1965330
3,Townhouse,SellerB,Region1,3096,46.3,2,5,0,353,429,1471640
1,Townhouse,SellerD,Region4,1398,10.84,2,4,3,899,227,1377189
1,Townhouse,SellerA,Region3,2320,35.31,2,3,0,570,310,822103
4,Townhouse,SellerB,Region3,1308,42.72,2,2,0,583,407,431789
2,Townhouse,SellerA,Region4,4214,17.58,2,2,1,198,185,305962
2,Unit,SellerC,Region4,4871,48.4,1,4,3,633,497,608686
2,Townhouse,SellerB,Region3,1735,21.95,3,4,2,802,204,1037279
1,Unit,SellerC,Region3,4830,6.44,1,3,3,190,276,903699
1,Townhouse,SellerC,Region4,1348,23.13,1,5,2,766,426,520843
1,House,SellerC,Region2,1456,10.56,1,2,3,473,123,1387688
3,House,SellerA,Region2,4268,46.29,3,5,2,150,75,583265
1,Townhouse,SellerB,Region2,4885,32.35,1,2,2,825,334,1328141
3,Unit,SellerB,Region2,1861,49.07,1,3,1,224,315,1919546
5,Unit,SellerC,Region1,1192,33.15,2,2,1,954,205,447299
1,Townhouse,SellerD,Region3,4239,35.89,2,4,1,358,487,1800987
5,Unit,SellerC,Region3,3190,12.41,2,4,2,691,114,1754584
5,House,SellerA,Region4,1740,42.83,3,4,2,885,181,454259
2,Unit,SellerC,Region2,2480,43.49,1,2,0,243,359,1639514
2,Unit,SellerB,Region4,1194,33.34,2,5,0,613,141,1249374
1,House,SellerD,Region4,2800,11.44,2,2,0,519,405,1763039
3,House,SellerB,Region3,4315,28.24,2,5,3,341,487,1389874
3,Townhouse,SellerD,Region3,1594,11.8,3,3,1,639,138,1322379
5,Unit,SellerA,Region2,1959,36.91,2,2,3,279,452,830393
2,Townhouse,SellerA,Region3,3963,9.28,3,4,3,406,253,1825285
3,Unit,SellerB,Region1,2249,32.55,1,1,0,503,162,1675279
4,Townhouse,SellerB,Region3,2079,39.57,3,4,3,981,490,499950
3,House,SellerA,Region1,1237,22.98,3,2,1,103,481,636633
2,Unit,SellerC,Region4,2359,5.76,3,1,2,703,209,561731
1,House,SellerB,Region3,2591,25.64,3,1,0,252,394,591908
4,Townhouse,SellerC,Region1,4508,35.37,2,1,1,642,437,837354
3,Unit,SellerD,Region4,3314,49.58,2,2,0,145,459,734359
2,Unit,SellerC,Region4,4466,49.2,3,4,0,296,59,776135
3,House,SellerC,Region1,1295,7.28,3,4,3,990,341,1466029
3,House,SellerC,Region3,3116,46.72,1,3,2,961,384,821143
4,Unit,SellerB,Region3,1141,9.92,3,2,1,542,159,1905273
5,House,SellerB,Region1,4770,42.09,2,5,2,200,186,1300027
1,Unit,SellerB,Region3,4013,26.6,3,1,0,411,304,1761532
3,House,SellerC,Region4,2741,14.66,2,4,3,614,144,1337670
1,House,SellerA,Region4,1911,31.67,2,1,1,457,112,1225576
2,Unit,SellerD,Region3,4107,25.92,1,3,0,389,424,990532
5,Townhouse,SellerD,Region3,3774,18.28,3,2,3,821,279,1459716
1,Unit,SellerD,Region4,2379,20.31,2,5,2,598,109,1283229
4,Unit,SellerA,Region2,3279,28.56,3,2,3,764,216,563962
3,Unit,SellerC,Region3,4247,46.18,1,3,1,615,301,1214421
2,Townhouse,SellerA,Region4,3698,39.15,2,4,0,311,357,396881
3,House,SellerD,Region1,2806,48.85,1,1,3,945,236,1458647
4,Townhouse,SellerD,Region3,3250,19.01,3,1,0,110,405,1512305
3,House,SellerC,Region1,4154,44.69,1,1,1,221,193,1705060
5,House,SellerD,Region4,1091,6.75,3,2,0,793,427,1896563
4,House,SellerB,Region4,2308,7.4,3,1,2,250,105,548133
2,Townhouse,SellerA,Region4,3943,35.82,2,3,1,511,334,1424045
3,Unit,SellerD,Region2,3667,33.29,1,2,1,756,117,1651906
5,House,SellerC,Region2,1168,4.09,1,4,0,716,315,1884106
4,House,SellerB,Region3,3062,7.31,2,2,1,687,93,652725
3,House,SellerD,Region2,4281,12.96,3,5,3,937,304,1839272
2,House,SellerD,Region1,1437,16.19,2,2,3,976,408,1264644
5,Unit,SellerD,Region2,2625,12.12,2,2,0,364,454,1545268
4,Unit,SellerA,Region1,4676,20.1,1,4,0,809,101,1507585
3,Unit,SellerD,Region1,3151,47.21,2,4,3,767,278,827596
2,Townhouse,SellerD,Region1,1294,47.5,2,1,0,593,369,770772
5,Unit,SellerC,Region2,4020,5.44,1,2,2,641,372,1502411
1,Townhouse,SellerB,Region2,3118,19.48,3,2,0,972,123,1472143
2,Townhouse,SellerC,Region1,1285,7.12,1,3,1,233,419,1609372
5,Townhouse,SellerD,Region3,1059,47.97,2,5,2,536,71,354344
4,House,SellerC,Region3,4318,47.48,1,1,0,506,427,1794732
4,House,SellerA,Region1,3808,1.24,1,1,2,930,314,650499
2,Unit,SellerC,Region4,2815,27.07,3,2,3,393,104,1027774
2,House,SellerD,Region2,3812,33.35,3,4,2,323,462,667393
4,Unit,SellerD,Region2,4589,39.86,1,5,3,151,215,1232369
3,House,SellerD,Region4,3794,39.36,3,1,3,692,355,1125619
2,Townhouse,SellerA,Region2,4272,7.93,3,1,3,651,122,1613485
2,Townhouse,SellerB,Region2,4717,23.33,1,2,1,765,258,976018
5,House,SellerA,Region3,4604,10.62,1,1,0,701,194,727253
4,Unit,SellerA,Region3,2275,36.73,3,3,1,366,431,1735599
2,House,SellerA,Region3,3781,36.67,3,2,0,563,299,1709705
3,Townhouse,SellerA,Region2,2252,42.23,2,3,0,187,474,1659235
3,Townhouse,SellerD,Region1,3570,35.07,2,1,0,729,351,811151
5,Unit,SellerA,Region4,3086,15.66,1,1,0,861,489,1073823
1,Townhouse,SellerA,Region1,4390,44.39,3,2,2,236,255,314317
1,Unit,SellerC,Region3,1414,14.36,2,5,3,736,140,1405164
5,Unit,SellerD,Region3,4849,3.45,1,3,3,107,290,444857
2,House,SellerC,Region1,4162,10.64,2,4,1,872,233,753943
1,Townhouse,SellerC,Region2,4265,29.69,2,5,1,382,225,1745880
1,House,SellerB,Region4,2058,48.6,2,2,0,691,174,1268882
5,Unit,SellerC,Region3,4779,28.29,3,1,0,899,179,409282
2,Unit,SellerD,Region1,2354,23.39,2,4,2,199,278,919824
2,Unit,SellerA,Region2,3268,21.18,2,3,3,250,226,1134329
3,Unit,SellerA,Region4,2112,32.14,2,4,0,724,183,1181838
1,Townhouse,SellerA,Region3,2520,39.95,3,2,0,857,496,1830689
2,Unit,SellerA,Region3,4292,33.24,3,3,3,378,461,973642
3,House,SellerD,Region1,1937,48.98,1,3,0,754,121,1396404
2,Townhouse,SellerB,Region4,1938,32.01,2,4,3,647,480,1611428
3,Unit,SellerA,Region3,3978,49.83,2,2,3,879,197,705725
5,Unit,SellerB,Region3,4841,20.72,2,2,0,759,249,1040619
3,Townhouse,SellerC,Region1,1583,30.15,1,1,0,547,427,698004
5,House,SellerB,Region4,2736,29.51,3,5,2,915,408,803342
5,House,SellerC,Region3,3293,34.89,1,1,0,845,78,362833
2,Unit,SellerA,Region1,4922,21.76,2,2,0,750,376,1536314
2,Townhouse,SellerD,Region4,1170,9.86,1,2,0,273,166,1191203
1,Townhouse,SellerA,Region4,4209,36.53,2,3,2,120,343,1224993
3,Unit,SellerB,Region1,1261,48.85,1,3,1,468,408,1188053
5,Unit,SellerC,Region4,2777,13.96,3,3,0,983,344,622257
1,Unit,SellerA,Region1,2926,13.21,2,4,2,666,55,1557688
2,Unit,SellerA,Region4,2233,48.13,3,2,3,691,132,1403324
3,Townhouse,SellerB,Region1,2490,39.72,3,2,2,128,431,454982
1,Unit,SellerD,Region3,2362,37.7,3,2,0,928,310,1451703
4,House,SellerC,Region4,4523,22.73,1,5,3,579,472,596191
4,House,SellerA,Region2,1105,18.55,2,1,0,363,410,625805
3,Townhouse,SellerC,Region4,3321,40.36,2,4,3,712,435,701499
4,Unit,SellerD,Region3,1603,17.5,2,4,3,320,299,1748086
3,Unit,SellerD,Region1,2437,17.0,3,1,3,279,304,468986
5,House,SellerB,Region1,2887,22.7,3,3,1,648,419,1418548
2,Unit,SellerA,Region4,2250,27.1,3,1,0,825,51,1392352
5,Unit,SellerC,Region2,2454,44.87,3,3,1,341,214,1761939
1,Unit,SellerA,Region2,4165,42.0,2,3,3,285,149,622634
1,Townhouse,SellerD,Region3,1290,39.37,2,5,1,163,172,437790
5,House,SellerB,Region2,3473,17.52,3,3,0,248,87,471418
2,Townhouse,SellerD,Region1,4659,11.42,2,4,0,953,336,669572
4,Unit,SellerC,Region4,1272,9.43,1,3,3,358,380,619739
1,Townhouse,SellerB,Region2,4784,21.32,3,3,3,433,124,1218709
3,House,SellerB,Region3,1396,10.02,1,2,2,484,245,1774939
4,Unit,SellerC,Region1,1788,48.94,1,5,3,633,224,312065
5,Townhouse,SellerD,Region1,4225,41.23,1,1,1,743,332,306552
2,Unit,SellerD,Region1,2846,14.92,1,2,2,769,382,810280
2,Townhouse,SellerD,Region1,4108,27.6,2,2,1,874,80,503825
1,House,SellerB,Region3,4389,43.28,1,5,2,671,302,1941644
3,Townhouse,SellerC,Region2,2610,38.91,1,1,3,792,468,634688
5,Unit,SellerC,Region3,2842,12.74,2,1,2,767,138,515654
2,House,SellerB,Region3,4959,16.79,1,4,1,793,230,1246079
5,Townhouse,SellerD,Region2,4596,6.06,2,5,1,653,463,1221341
5,House,SellerA,Region4,4429,39.73,2,4,0,947,462,616204
5,House,SellerA,Region3,4288,24.91,3,2,1,625,435,803672
1,Townhouse,SellerD,Region1,1319,3.38,3,4,3,863,316,1793364
1,Unit,SellerD,Region3,4454,33.47,2,2,1,566,138,361878
2,House,SellerA,Region4,4601,29.89,2,5,0,199,84,437204
1,Unit,SellerA,Region3,3110,5.42,2,3,2,417,286,538638
1,House,SellerB,Region2,4413,9.22,1,1,1,216,126,654363
1,House,SellerC,Region2,3838,44.29,3,1,1,658,253,417351
1,Unit,SellerA,Region2,4688,14.06,2,5,0,226,302,1865229
1,Unit,SellerC,Region4,1594,11.11,2,4,2,288,281,1996894
5,Unit,SellerC,Region3,3440,42.61,2,4,0,895,323,1951485
3,Unit,SellerA,Region2,3654,47.85,1,5,1,379,409,934565
1,Townhouse,SellerC,Region2,2448,38.6,2,2,2,121,305,878451
4,Townhouse,SellerD,Region2,4931,47.65,2,2,0,597,59,933539
3,Townhouse,SellerD,Region1,4235,25.67,3,2,2,933,393,1896499
4,Unit,SellerA,Region3,4078,40.87,2,4,3,366,302,1731086
1,Unit,SellerC,Region2,1909,29.76,3,4,0,807,260,609221
5,House,SellerC,Region4,3267,44.77,3,2,3,761,149,1198084
3,House,SellerC,Region2,1933,13.77,1,2,0,852,414,872853
4,Townhouse,SellerC,Region3,2902,11.16,3,4,0,794,177,1950128
1,Townhouse,SellerD,Region3,3894,13.22,3,3,1,791,267,1680530
2,Unit,SellerA,Region2,2715,31.67,2,3,3,771,374,1797332
4,Townhouse,SellerD,Region3,1814,48.43,2,5,2,906,173,1364089
4,Unit,SellerC,Region3,2627,38.17,2,5,2,995,375,888485
2,House,SellerA,Region2,3498,36.12,3,2,0,288,397,1236641
5,Unit,SellerC,Region4,2865,43.84,2,3,3,532,186,1169315
2,House,SellerD,Region2,4548,27.98,3,1,1,508,420,797204
4,Townhouse,SellerB,Region1,1675,36.85,3,4,2,954,59,969072
4,Unit,SellerD,Region1,1677,23.43,3,3,1,203,268,1120874
3,Townhouse,SellerB,Region3,2039,38.0,3,1,3,425,305,1059465
5,Unit,SellerA,Region4,1919,16.18,1,2,3,776,430,426307
1,Townhouse,SellerA,Region3,4694,30.66,2,5,0,725,98,1487686
2,Unit,SellerB,Region4,2976,45.61,2,5,1,666,177,629973
4,Townhouse,SellerA,Region1,1526,20.66,2,3,1,130,408,505657
5,Townhouse,SellerB,Region3,1502,49.23,2,2,2,455,499,1996350
1,Unit,SellerC,Region3,4020,32.97,3,1,0,711,481,885743
2,House,SellerB,Region4,2642,20.24,3,1,2,265,113,1945262
3,House,SellerC,Region2,4252,21.04,3,3,0,155,416,408725
5,House,SellerB,Region4,3802,12.26,3,4,3,368,346,1823104
2,House,SellerB,Region1,4220,28.75,1,3,3,922,308,1314829
4,Townhouse,SellerB,Region2,2223,15.43,1,5,1,917,481,823149
4,House,SellerB,Region3,3399,36.48,2,2,3,553,461,1606396
1,Townhouse,SellerC,Region4,1385,12.58,1,2,2,717,430,594694
5,House,SellerC,Region3,4625,26.05,1,4,2,333,249,497071
2,House,SellerA,Region2,1087,44.49,3,3,1,406,351,521764
4,House,SellerD,Region4,4636,19.63,1,5,3,399,179,1896820
2,Townhouse,SellerA,Region3,3735,40.85,3,4,2,955,404,901269
1,Townhouse,SellerA,Region1,2568,9.12,2,2,0,928,493,1555811
3,House,SellerB,Region4,4553,28.03,3,4,2,309,361,328934
3,House,SellerD,Region1,2391,10.3,3,4,1,594,343,1064886
1,House,SellerC,Region1,4235,46.53,3,2,3,436,256,936418
1,Unit,SellerA,Region3,3230,46.49,2,2,2,465,163,1760242
3,House,SellerB,Region4,3444,13.62,3,3,3,644,442,1453698
2,Townhouse,SellerC,Region1,1230,29.37,1,4,2,128,272,1959904
5,Unit,SellerB,Region2,2131,35.06,2,5,3,845,123,334963
4,Townhouse,SellerB,Region4,4364,36.2,2,5,3,854,170,873222
5,Unit,SellerD,Region3,1951,26.53,3,3,2,658,156,1980628
3,House,SellerD,Region4,2363,31.06,2,2,3,406,292,1365411
3,Townhouse,SellerD,Region3,2587,33.84,3,3,1,698,323,1373151
4,Townhouse,SellerC,Region2,4256,13.73,2,5,0,713,58,632078
5,Unit,SellerB,Region3,2122,47.18,3,3,0,254,123,1419883
5,House,SellerC,Region4,2306,3.49,1,5,1,158,394,1871755
2,Unit,SellerB,Region4,1030,33.32,1,5,3,875,270,318889
2,House,SellerA,Region2,4084,9.63,2,4,1,764,155,1516431
2,Townhouse,SellerB,Region3,4777,31.11,1,1,3,786,189,604006
4,Townhouse,SellerB,Region4,4528,24.86,3,3,2,143,87,725291
5,Unit,SellerB,Region4,3431,34.73,2,4,1,794,411,576928
5,Townhouse,SellerB,Region2,3441,11.45,2,3,0,504,407,1152752
2,Unit,SellerD,Region2,3289,22.8,1,2,2,438,63,1459379
1,House,SellerC,Region4,3648,11.58,2,5,1,288,227,417397
1,Unit,SellerA,Region2,2327,15.54,1,4,2,507,77,1588630
2,Townhouse,SellerB,Region3,3872,18.54,1,4,3,759,290,758515
1,Unit,SellerB,Region3,4770,19.78,1,5,0,920,311,1817063
4,Townhouse,SellerA,Region2,2028,33.42,3,5,3,659,419,1656646
2,House,SellerD,Region2,1087,12.15,3,2,1,284,279,1413868
3,Townhouse,SellerC,Region4,2759,18.49,3,4,3,968,96,706107
1,House,SellerB,Region2,4542,27.34,1,1,3,193,207,1970589
4,Unit,SellerD,Region1,3942,28.8,2,5,1,892,361,561595
3,Unit,SellerB,Region3,3788,40.57,3,2,0,926,448,436561
4,House,SellerC,Region3,1608,24.94,1,2,2,659,361,1852731
5,Unit,SellerB,Region4,3803,19.01,1,5,2,472,208,361641
4,Townhouse,SellerA,Region1,2605,29.03,3,4,0,718,208,360850
4,Unit,SellerC,Region3,2875,28.01,1,5,0,166,148,1961166
3,Townhouse,SellerD,Region2,2580,10.34,2,4,3,252,485,705494
1,House,SellerB,Region4,4431,2.44,1,3,3,675,369,349918
2,House,SellerD,Region2,3879,1.61,2,3,3,854,233,1009851
2,Townhouse,SellerA,Region3,4216,28.89,1,5,1,588,371,1852319
3,Townhouse,SellerC,Region4,1288,49.21,2,5,2,951,391,743032
3,Townhouse,SellerC,Region3,2924,3.16,1,3,0,200,297,592986
3,House,SellerB,Region3,3628,13.83,1,4,1,995,131,589841
1,Townhouse,SellerA,Region4,4182,19.7,2,5,2,396,365,819415
3,House,SellerA,Region3,3256,3.15,2,5,0,405,377,779706
5,Townhouse,SellerB,Region3,2202,31.63,3,2,2,992,405,1014618
2,Townhouse,SellerD,Region4,1499,22.64,1,1,2,678,430,665950
5,Townhouse,SellerB,Region1,1530,45.86,3,5,1,209,100,504649
5,Townhouse,SellerA,Region2,2903,18.62,3,4,3,399,203,1385123
5,Townhouse,SellerD,Region3,1600,13.41,3,2,2,146,345,587320
1,Unit,SellerC,Region2,1177,23.7,3,4,3,803,257,910696
4,Unit,SellerB,Region4,4846,40.09,1,3,3,344,242,1392385
5,Unit,SellerC,Region4,4481,22.02,1,2,2,259,319,1306913
2,House,SellerD,Region3,4104,47.13,1,2,0,491,99,595677
4,Unit,SellerC,Region1,4047,2.66,1,1,3,796,307,1796075
5,Townhouse,SellerD,Region2,1622,33.25,2,2,0,489,355,673354
2,House,SellerA,Region3,4006,32.0,2,4,0,983,137,1415155
1,Unit,SellerB,Region2,1844,35.23,2,5,0,166,257,1498318
3,Townhouse,SellerA,Region3,2878,46.57,3,1,1,111,110,1024405
1,House,SellerA,Region3,2761,27.1,3,3,2,846,296,381706
5,House,SellerB,Region3,2344,27.4,3,3,1,651,156,395849
3,Townhouse,SellerD,Region3,2860,3.63,2,5,1,207,234,1158887
2,Townhouse,SellerB,Region2,3189,42.89,1,3,3,900,260,1557063
1,Unit,SellerB,Region2,2138,25.49,3,1,2,911,340,1636359
2,House,SellerB,Region1,3132,20.69,3,1,2,630,482,1123153
3,Unit,SellerC,Region3,1810,31.54,1,1,2,818,241,397078
1,House,SellerB,Region2,2526,47.65,2,3,2,531,333,690317
2,Unit,SellerC,Region1,3164,25.51,2,3,3,523,362,1877482
3,House,SellerB,Region3,3192,30.84,1,3,2,523,442,1700973
3,Townhouse,SellerC,Region1,1486,33.88,1,1,1,382,294,976959
5,Townhouse,SellerD,Region1,1535,22.27,1,2,3,960,238,1553064
2,Townhouse,SellerB,Region2,3520,47.59,3,5,2,733,211,1044747
4,Unit,SellerD,Region1,2427,41.86,1,5,0,923,365,1509005
5,Townhouse,SellerD,Region3,3188,17.08,1,2,2,924,134,876771
3,Townhouse,SellerD,Region4,1608,29.74,2,2,2,482,264,869085
3,House,SellerB,Region1,2059,35.8,1,5,0,733,228,1456706
2,Unit,SellerC,Region4,3792,6.27,3,5,3,300,157,1865494
2,Unit,SellerA,Region4,4618,27.74,2,4,2,676,306,1916811
1,Townhouse,SellerB,Region2,3517,35.75,2,5,1,226,369,706307
5,Townhouse,SellerC,Region4,3199,38.08,2,4,1,878,131,606842
3,House,SellerC,Region4,3436,36.88,3,2,2,268,348,1763878
1,Unit,SellerA,Region4,1117,46.75,1,2,0,651,233,548638
2,Unit,SellerC,Region3,4108,13.17,2,4,2,245,226,1933538
1,Townhouse,SellerA,Region2,4695,29.77,3,1,3,669,311,674788
3,Townhouse,SellerA,Region4,2208,7.0,3,4,1,667,315,1183413
5,House,SellerC,Region2,2788,25.01,3,3,3,647,288,731941
2,Townhouse,SellerA,Region3,2867,15.65,1,3,2,716,162,773082
4,Townhouse,SellerC,Region2,3600,7.05,3,1,1,492,270,1130089
3,Unit,SellerD,Region1,3643,49.53,1,4,2,989,491,1848465
2,House,SellerB,Region1,4055,44.15,1,5,1,577,495,1835381
5,Unit,SellerD,Region4,4843,35.82,2,1,1,662,476,1341146
1,Townhouse,SellerB,Region3,4992,40.33,2,2,0,771,426,1191529
3,Townhouse,SellerB,Region2,3656,1.53,1,5,1,136,85,556656
1,Townhouse,SellerA,Region2,4127,45.16,3,4,2,333,69,991656
5,Townhouse,SellerB,Region1,4565,30.32,2,5,1,923,288,731554
4,Townhouse,SellerA,Region2,1486,31.06,1,4,1,559,477,537680
5,Unit,SellerC,Region2,1203,31.0,3,5,2,652,498,652646
5,Townhouse,SellerD,Region4,4955,37.38,3,1,3,520,255,1917297
3,Townhouse,SellerB,Region1,2291,23.57,2,4,1,804,397,1841603
4,Townhouse,SellerD,Region4,2670,39.93,3,1,2,537,213,461121
4,Townhouse,SellerB,Region1,1143,45.25,1,2,0,505,228,1174714
4,Townhouse,SellerD,Region1,2542,42.5,1,2,0,325,350,465948
4,Unit,SellerA,Region3,2497,24.76,2,5,2,466,157,510600
3,Townhouse,SellerB,Region1,1955,8.84,1,1,2,348,191,1737293
1,Unit,SellerB,Region3,2427,2.0,1,2,2,400,491,1688659
3,House,SellerD,Region1,3375,43.58,1,2,3,245,394,691268
2,Townhouse,SellerB,Region3,1592,49.15,3,4,1,705,332,1010380
1,House,SellerA,Region4,3114,46.81,3,3,3,506,482,1657723
2,Unit,SellerB,Region3,2187,2.54,1,1,1,899,348,1960884
1,Townhouse,SellerD,Region1,2165,17.7,1,3,3,353,342,842469
3,Townhouse,SellerC,Region2,4315,37.15,1,1,0,931,105,1675464
5,House,SellerB,Region2,1224,1.58,3,3,1,547,303,645779
2,Unit,SellerB,Region3,4591,2.13,3,2,1,703,409,1868153
1,House,SellerA,Region1,2831,13.87,2,1,2,338,308,1566243
4,House,SellerC,Region2,2659,43.42,3,4,0,458,223,447820
1,House,SellerC,Region3,1509,7.17,2,5,2,691,469,1085701
3,Townhouse,SellerB,Region2,2207,13.86,3,3,2,984,427,1147454
2,House,SellerC,Region1,3141,1.43,3,1,2,780,369,666639
2,Townhouse,SellerC,Region1,3080,14.45,3,4,0,554,392,1998017
5,House,SellerB,Region2,2178,14.06,1,4,1,389,319,1167887
1,Unit,SellerA,Region3,2333,40.69,1,3,0,205,386,1528374
3,House,SellerC,Region2,1690,25.57,2,3,1,365,475,868572
3,House,SellerC,Region3,3928,5.09,3,2,3,798,64,1657030
5,Unit,SellerD,Region4,2696,24.47,3,4,1,523,184,550666
3,Townhouse,SellerB,Region2,2647,5.1,1,5,3,366,319,1537560
3,Townhouse,SellerA,Region3,1550,45.03,1,2,3,172,363,1896735
1,Unit,SellerA,Region1,4663,44.16,2,3,2,967,85,748646
1,Unit,SellerA,Region1,3751,11.08,2,3,1,811,452,1630103
1,House,SellerB,Region2,1449,45.48,1,5,3,256,254,1014381
3,Townhouse,SellerD,Region2,1762,15.1,1,5,0,827,382,527865
4,Unit,SellerC,Region2,1629,43.12,2,1,2,769,52,1627773
1,House,SellerD,Region1,2598,46.14,2,1,2,637,369,1734182
4,Unit,SellerA,Region2,4973,29.38,2,5,2,951,119,605894
3,House,SellerD,Region2,1555,1.63,1,4,3,692,290,1548653
1,Unit,SellerB,Region4,1249,32.43,2,2,1,790,100,1656004
2,House,SellerB,Region1,4384,22.64,2,5,3,798,168,708230
5,Townhouse,SellerA,Region3,1814,33.34,1,3,1,545,421,1178309
4,House,SellerB,Region3,1769,14.65,1,3,1,654,67,713216
1,Townhouse,SellerB,Region4,2074,32.21,1,4,1,640,480,1587203
4,House,SellerA,Region4,2919,30.36,3,3,0,670,204,1341810
5,House,SellerC,Region1,2723,46.93,1,1,1,264,489,1207411
2,House,SellerC,Region3,4439,44.21,2,4,0,926,84,1543629
3,Unit,SellerD,Region1,4011,22.21,1,1,0,973,77,1460801
5,House,SellerB,Region4,2715,7.69,1,2,3,312,339,939272
5,Townhouse,SellerD,Region2,4417,39.63,3,2,2,540,457,647935
3,Townhouse,SellerC,Region4,2038,16.55,3,1,3,770,146,556512
4,Unit,SellerC,Region4,1421,31.71,1,5,2,258,57,433247
1,Townhouse,SellerB,Region1,4933,19.52,2,5,1,164,241,1041479
3,Unit,SellerA,Region3,3904,7.2,2,3,0,574,383,1861857
1,House,SellerC,Region4,2948,45.22,1,2,2,890,296,1328607
5,Unit,SellerA,Region3,1679,26.43,3,3,1,416,193,332854
1,Unit,SellerD,Region3,2055,20.19,3,4,1,477,184,794957
3,Townhouse,SellerB,Region4,4839,18.35,3,4,0,470,405,1231143
4,House,SellerD,Region2,3225,40.58,1,2,1,326,181,380818
5,Townhouse,SellerB,Region3,3192,49.91,2,5,3,298,454,1965933
5,Townhouse,SellerD,Region4,1665,23.29,1,4,3,275,176,1973482
4,House,SellerB,Region4,4739,40.92,3,4,2,249,58,583681
1,House,SellerC,Region4,1427,41.95,3,4,2,366,208,1995644
1,Unit,SellerB,Region1,4565,25.5,2,3,1,175,137,906689
4,Townhouse,SellerB,Region1,3571,28.18,2,2,2,149,470,1923604
4,Unit,SellerC,Region4,4548,12.24,1,5,1,839,132,1340383
3,House,SellerC,Region4,1431,40.3,1,5,1,106,331,1070894
5,House,SellerB,Region2,1156,3.0,1,1,3,386,141,1348166
1,House,SellerC,Region4,2615,11.82,3,3,1,911,323,659164
5,Unit,SellerB,Region1,1013,24.37,2,3,2,508,207,638678
4,Unit,SellerB,Region2,4698,12.49,2,3,1,718,382,1049205
4,Townhouse,SellerC,Region3,3835,23.19,3,1,1,247,377,805811
1,Townhouse,SellerD,Region3,1381,14.19,3,1,1,401,164,1617113
4,Unit,SellerD,Region2,4211,7.48,2,2,3,592,448,714482
3,Townhouse,SellerB,Region2,4878,30.85,2,2,3,406,137,383545
2,Townhouse,SellerC,Region1,3595,45.59,1,3,1,418,348,1728484
4,Townhouse,SellerD,Region4,4209,12.12,1,2,0,950,385,1410556
4,Townhouse,SellerB,Region1,1687,28.11,3,2,2,426,289,1498057
3,Townhouse,SellerB,Region3,3722,6.75,1,1,1,731,61,1791249
2,Townhouse,SellerD,Region4,4875,22.18,2,2,0,478,364,1211904
4,House,SellerB,Region1,3385,35.34,1,1,2,127,183,1049939
2,Unit,SellerA,Region3,1879,45.59,3,5,0,844,447,1942713
5,Unit,SellerB,Region4,1504,49.57,3,5,2,627,356,1609505
2,House,SellerB,Region2,3948,43.07,3,4,0,747,160,1899774
4,Townhouse,SellerD,Region1,1741,5.38,3,2,2,482,136,1444379
1,Unit,SellerC,Region1,1520,20.9,2,3,3,507,439,346283
4,Unit,SellerB,Region4,3128,11.83,1,3,2,325,272,1630219
2,Townhouse,SellerA,Region4,2032,13.43,3,1,2,929,127,434966
2,House,SellerB,Region3,2522,6.84,1,2,1,108,279,1175006
5,Unit,SellerA,Region3,4247,38.18,1,5,2,709,100,466139
2,Townhouse,SellerC,Region3,2898,32.93,1,5,0,767,286,1066710
4,Townhouse,SellerA,Region2,1515,49.88,2,2,1,316,63,978381
5,Unit,SellerD,Region3,1516,10.34,2,3,3,942,168,1261243
5,House,SellerB,Region2,2878,45.37,1,3,1,879,142,1777096
3,Townhouse,SellerD,Region4,2860,43.58,3,4,3,733,74,1737535
4,House,SellerC,Region2,3323,30.6,1,5,2,271,456,715206
3,Townhouse,SellerD,Region2,4439,39.93,1,4,2,827,293,507289
4,Townhouse,SellerD,Region2,4499,28.28,2,4,1,527,402,905773
4,Unit,SellerB,Region2,4567,48.31,1,1,1,623,454,1964712
3,Townhouse,SellerD,Region3,1627,23.13,1,5,1,127,83,1801612
4,Townhouse,SellerA,Region2,4372,13.51,2,3,3,373,78,1216800
3,Unit,SellerB,Region2,4474,46.97,3,4,1,801,115,985300
3,Unit,SellerC,Region4,2626,35.59,2,3,0,688,355,1767143
3,House,SellerA,Region4,4796,32.31,3,5,1,499,335,405153
2,Townhouse,SellerB,Region1,2723,10.99,2,4,0,232,179,1517710
2,House,SellerA,Region1,2989,36.09,1,3,3,970,372,529927
1,Townhouse,SellerC,Region3,3183,39.29,3,1,2,276,403,1210389
5,Unit,SellerD,Region2,1709,19.93,2,1,1,457,97,685678
5,Unit,SellerC,Region4,2262,15.88,2,3,1,903,110,535180
1,Townhouse,SellerC,Region2,1783,44.62,3,4,0,111,153,404251
4,Townhouse,SellerC,Region2,3363,25.66,1,4,0,317,448,1382736
4,Townhouse,SellerA,Region3,4671,38.42,3,3,2,407,86,909018
3,Unit,SellerB,Region2,2357,17.79,2,2,3,891,303,1884630
4,Unit,SellerB,Region4,1642,18.52,2,2,3,340,304,1072047
4,House,SellerD,Region3,4651,13.38,2,5,0,271,454,318817
3,Unit,SellerB,Region2,2084,10.23,1,2,1,288,255,483982
5,House,SellerC,Region2,1859,11.92,1,4,2,155,222,1450059
5,Townhouse,SellerD,Region1,4073,6.06,3,5,3,860,474,389154
1,Unit,SellerD,Region2,1965,30.43,3,3,0,560,73,564903
1,Unit,SellerA,Region1,3916,31.41,3,3,3,624,294,621212
3,House,SellerA,Region2,3599,22.33,3,2,3,311,402,345736
4,Unit,SellerD,Region4,4473,19.17,3,4,0,644,492,1577025
4,Townhouse,SellerA,Region1,3444,33.75,2,1,0,149,403,773203
2,Unit,SellerA,Region2,1093,11.03,2,1,2,713,212,835935
1,Townhouse,SellerC,Region1,2858,40.95,3,1,3,763,89,1805443
4,House,SellerC,Region2,2354,36.85,3,2,3,756,433,421935
1,Townhouse,SellerD,Region3,2334,11.85,3,3,2,474,140,1705779
4,Unit,SellerD,Region2,4661,17.06,2,4,1,619,324,1824862
1,House,SellerD,Region4,4228,33.72,3,1,3,914,433,1495982
5,Townhouse,SellerB,Region3,1131,17.26,3,4,0,224,299,1307393
4,Townhouse,SellerC,Region2,4605,22.17,1,5,2,897,51,1171748
2,House,SellerD,Region4,3949,27.93,1,5,2,349,361,1044336
5,Townhouse,SellerA,Region2,2406,43.67,3,1,1,400,289,1416649
2,House,SellerD,Region3,2028,44.69,3,2,1,138,103,1422127
5,Townhouse,SellerB,Region4,4940,44.95,2,1,3,173,99,733807
2,Townhouse,SellerD,Region2,3077,30.95,2,4,0,192,270,828712
4,Townhouse,SellerA,Region2,3187,8.55,2,1,0,416,88,1070406
2,Unit,SellerC,Region1,4898,27.57,3,3,3,731,369,395265
5,Townhouse,SellerB,Region3,4976,13.06,3,5,0,248,367,349846
5,House,SellerC,Region4,1618,3.0,3,3,1,897,196,1413971
5,House,SellerA,Region3,2459,17.16,3,3,0,261,343,432865
1,Townhouse,SellerC,Region3,2061,37.57,1,2,1,331,60,1145376
1,House,SellerA,Region1,1406,36.69,3,2,3,639,297,1623860
5,Townhouse,SellerA,Region2,4211,46.51,2,5,2,536,225,851558
3,Townhouse,SellerB,Region3,3326,6.99,3,4,0,341,324,1636499
5,Unit,SellerC,Region1,3102,20.3,3,5,3,687,385,1431467
3,Unit,SellerA,Region2,1129,9.06,2,1,1,467,225,1676513
3,Townhouse,SellerD,Region1,2917,31.69,1,4,1,735,340,529783
3,Townhouse,SellerA,Region4,1619,17.17,3,2,1,122,429,1564029
5,Unit,SellerB,Region1,1919,26.17,1,4,1,491,105,884741
3,House,SellerA,Region1,3004,5.31,2,5,3,215,117,1716533
4,Townhouse,SellerB,Region3,4391,42.39,1,3,2,335,492,1052010
1,Unit,SellerC,Region4,2875,38.72,3,5,3,378,222,937306
3,Unit,SellerA,Region3,2862,19.82,3,2,0,837,443,1860181
5,Townhouse,SellerA,Region3,2861,3.31,3,5,2,949,210,1479996
4,Unit,SellerC,Region4,1621,18.18,1,5,0,610,189,1710253
2,House,SellerB,Region1,2098,30.88,3,3,0,999,158,421945
4,Townhouse,SellerC,Region1,4017,12.86,1,1,0,817,154,901289
4,Townhouse,SellerD,Region3,2066,21.39,1,4,3,190,99,1758746
2,Townhouse,SellerC,Region3,1630,4.72,2,5,3,217,388,1057086
5,Unit,SellerD,Region3,2580,2.69,1,5,1,486,480,1329243
5,House,SellerD,Region4,4966,13.57,3,4,2,771,93,1733983
2,Unit,SellerB,Region3,3016,2.52,3,1,0,316,51,1862185
5,Townhouse,SellerD,Region3,4963,18.29,1,5,0,289,390,1629003
2,Townhouse,SellerB,Region4,4508,5.3,2,5,2,419,231,366745
1,House,SellerD,Region2,1464,29.77,3,4,3,833,443,1848557
4,Townhouse,SellerB,Region4,2916,22.18,3,4,2,129,451,874980
3,Unit,SellerA,Region3,3107,19.72,3,4,0,612,93,1617593
4,Unit,SellerC,Region3,2442,30.54,2,2,1,741,71,426941
5,Unit,SellerC,Region4,2921,13.2,3,2,3,187,348,1569241
2,Townhouse,SellerB,Region3,1481,32.21,1,2,1,113,174,1049356
2,Townhouse,SellerA,Region1,1157,48.87,1,3,3,540,498,1403810
2,Townhouse,SellerD,Region3,2927,2.82,1,4,3,682,485,1890217
4,Townhouse,SellerD,Region2,2802,43.19,2,5,2,121,206,1654570
3,Unit,SellerC,Region3,2605,37.89,3,1,0,305,107,964281
4,Townhouse,SellerA,Region1,2012,7.4,1,5,0,809,53,485428
2,Townhouse,SellerD,Region2,4697,12.41,3,4,0,501,332,1407885
1,Townhouse,SellerD,Region1,1438,43.53,3,3,1,854,456,1924978
2,Unit,SellerD,Region2,4746,16.34,2,2,3,357,70,1296645
1,Townhouse,SellerC,Region4,4791,14.29,1,5,0,760,206,1169972
1,House,SellerC,Region3,2968,25.51,1,2,2,996,205,453461
5,Unit,SellerB,Region1,1311,17.5,2,5,3,380,232,1232691
4,Unit,SellerC,Region2,2592,11.92,2,5,0,511,390,322086
3,Townhouse,SellerB,Region1,1635,17.23,3,5,2,445,448,1856632
5,House,SellerB,Region3,3435,1.84,3,2,2,366,58,1310164
5,House,SellerA,Region4,4356,7.39,3,4,1,930,216,1222772
3,Townhouse,SellerA,Region2,4553,2.84,2,4,1,155,485,1310828
3,Townhouse,SellerC,Region1,1354,8.9,1,4,2,857,279,997644
3,Townhouse,SellerD,Region4,2744,8.03,2,3,2,119,131,813551
1,Unit,SellerD,Region2,1005,3.8,2,3,0,868,485,1580714
2,House,SellerB,Region2,1953,39.71,2,3,2,161,245,735303
1,Townhouse,SellerD,Region2,3125,11.5,1,3,0,294,465,1656208
3,House,SellerC,Region2,4968,36.53,2,5,1,617,178,380680
4,Unit,SellerA,Region1,1493,14.9,2,1,0,929,473,1759454
3,Unit,SellerC,Region3,4383,24.49,2,5,0,766,446,763018
3,Townhouse,SellerC,Region1,4753,7.74,2,2,3,946,160,1386869
3,Townhouse,SellerD,Region3,4555,9.19,3,1,3,854,353,1693005
5,Unit,SellerB,Region1,1789,49.29,2,4,3,679,380,556701
3,Unit,SellerC,Region2,3167,42.18,2,5,3,656,474,1673033
1,Unit,SellerB,Region1,3601,11.08,1,2,0,937,261,1799246
5,Unit,SellerA,Region4,2367,48.62,1,3,2,260,99,1377279
5,Unit,SellerD,Region3,2932,42.85,3,5,3,905,141,1855275
3,House,SellerA,Region1,4110,43.71,3,2,3,523,210,947633
1,Townhouse,SellerC,Region3,2639,24.79,2,3,1,888,229,849028
5,Unit,SellerD,Region3,2161,12.55,3,4,2,846,455,1081459
1,House,SellerC,Region4,1457,9.25,2,1,3,436,267,836724
4,Townhouse,SellerC,Region1,4312,45.74,1,2,2,724,359,572835
3,Townhouse,SellerB,Region2,1838,27.46,2,2,1,701,385,1129726
2,House,SellerB,Region3,3765,44.27,2,1,0,571,415,1242310
2,House,SellerA,Region4,1679,33.66,1,1,0,237,198,1341822
2,House,SellerA,Region3,4053,43.53,1,1,3,979,112,790333
1,Townhouse,SellerD,Region3,3895,40.57,1,3,0,223,404,1698423
2,Unit,SellerA,Region3,3730,26.87,3,3,0,157,405,1602801
4,House,SellerC,Region1,4260,8.41,2,4,3,166,300,1477239
2,Unit,SellerD,Region1,2374,34.45,2,4,3,740,205,1537907
2,Unit,SellerC,Region3,1214,36.92,3,3,1,484,55,1931181
3,Unit,SellerC,Region3,3162,39.41,3,3,2,455,219,1165205
1,Townhouse,SellerD,Region4,1769,44.96,2,1,3,463,344,485107
2,House,SellerA,Region3,3343,12.27,2,4,2,630,302,1375089
1,House,SellerC,Region1,1769,37.21,3,1,2,667,123,1241833
2,Unit,SellerC,Region3,2244,44.87,1,1,0,289,220,421149
2,House,SellerA,Region1,4342,42.56,3,5,2,917,120,1337793
1,Townhouse,SellerA,Region4,3520,11.53,2,2,1,526,288,609069
1,House,SellerD,Region2,1337,25.2,3,4,0,713,213,1627976
5,Townhouse,SellerD,Region1,1753,40.0,2,3,2,257,97,915243
2,Unit,SellerB,Region1,1527,24.44,3,5,1,873,130,846783
4,House,SellerA,Region1,1274,21.51,3,3,1,642,427,1518609
1,House,SellerB,Region2,4946,9.89,2,5,0,871,126,1962619
5,Unit,SellerA,Region3,1499,4.85,2,3,3,421,441,763017
3,House,SellerA,Region1,1071,6.04,3,5,3,342,140,1888955
